path,filename,mean_speed,mean_distance,mean_rel_speed,label
data-0002-0000.pt,data-0002-0000.pt,0.7394442528486251,-0.007480626599863172,1.6300979375839233,2
data-0002-0001.pt,data-0002-0001.pt,1.2049501359462738,0.09062413545325398,1.9733586251735686,1
data-0002-0002.pt,data-0002-0002.pt,2.2115790009498597,0.5975577116012574,1.3700013592839242,1
data-0002-0003.pt,data-0002-0003.pt,2.484550392627716,0.6790914546698332,0.4902927055954933,1
data-0004-0000.pt,data-0004-0000.pt,0.7046199828386307,0.15109041072428225,0.6974860787391662,0
data-0004-0001.pt,data-0004-0001.pt,0.5752947852015495,-0.044172610016539694,0.6793055176734925,0
data-0004-0002.pt,data-0004-0002.pt,0.5156006962060928,0.028577197017148136,0.8302910983562469,0
data-0004-0003.pt,data-0004-0003.pt,0.7689462453126907,0.11547725945711136,1.130056342482567,2
data-0005-0000.pt,data-0005-0000.pt,0.805401834845543,0.026157550141215326,0.4818801492452621,0
data-0005-0001.pt,data-0005-0001.pt,0.7307574331760407,0.06418902575969695,0.47655694633722306,0
data-0005-0002.pt,data-0005-0002.pt,0.7244304865598679,0.14138900305260904,0.9287303656339645,2
data-0005-0003.pt,data-0005-0003.pt,0.850812840461731,0.2765010449104011,1.636228996515274,2
data-0007-0000.pt,data-0007-0000.pt,0.630040630698204,-0.09606353049166501,0.7131865099072456,0
data-0007-0001.pt,data-0007-0001.pt,0.849205082654953,-0.007747202771133744,1.525999629497528,2
data-0007-0002.pt,data-0007-0002.pt,0.9496220797300339,0.02029452775605023,1.8712470650672912,2
data-0007-0003.pt,data-0007-0003.pt,1.0379448056221008,0.18245789557695388,1.5495914280414582,2
data-0009-0000.pt,data-0009-0000.pt,0.8031030327081681,-0.22188300490379334,0.49906516671180723,0
data-0009-0001.pt,data-0009-0001.pt,0.8377890288829803,-0.29781848937273026,0.5876648336648941,0
data-0009-0002.pt,data-0009-0002.pt,0.8215621620416641,-0.2677008658647537,0.4081810534000397,0
data-0009-0003.pt,data-0009-0003.pt,0.8137777775526047,-0.2592190787196159,0.39784573018550873,0
data-0011-0000.pt,data-0011-0000.pt,1.3741253018379211,0.0853629782795906,5.659631550312042,1
data-0011-0001.pt,data-0011-0001.pt,1.3021249920129776,0.0,0.0,1
data-0011-0002.pt,data-0011-0002.pt,1.665536493062973,0.0,0.0,1
data-0011-0003.pt,data-0011-0003.pt,1.6787723302841187,0.0,0.0,1
data-0012-0000.pt,data-0012-0000.pt,0.6625766217708587,0.11490511568263173,1.053089079260826,0
data-0012-0001.pt,data-0012-0001.pt,1.0660672813653946,0.23301701322197915,1.2746696829795838,2
data-0012-0002.pt,data-0012-0002.pt,1.3023980557918549,0.22262204959988594,1.7290718138217926,1
data-0012-0003.pt,data-0012-0003.pt,1.1449506640434266,0.26695172265172007,1.7520762383937836,1
data-0014-0000.pt,data-0014-0000.pt,1.3966216802597047,0.3780259847640991,0.5110258892178535,1
data-0014-0001.pt,data-0014-0001.pt,1.5155664801597595,1.0938760131597518,0.49738896638154984,1
data-0014-0002.pt,data-0014-0002.pt,1.519466084241867,1.3680945873260497,0.3999529093503952,1
data-0014-0003.pt,data-0014-0003.pt,1.333997094631195,1.3612603445847828,0.5228097885847092,1
data-0017-0000.pt,data-0017-0000.pt,1.036992883682251,0.41362752600107344,2.1170298039913176,2
data-0017-0001.pt,data-0017-0001.pt,0.7214180022478104,0.12980089250486343,0.9226832270622254,2
data-0017-0002.pt,data-0017-0002.pt,0.6178170502185821,-0.3104518541134894,0.7743853494524956,0
data-0017-0003.pt,data-0017-0003.pt,0.7187090367078781,-0.43371200412511823,0.347407141327858,0
data-0018-0000.pt,data-0018-0000.pt,1.2023972153663636,0.1003226911649108,2.244251638650894,1
data-0018-0001.pt,data-0018-0001.pt,1.320527333021164,-0.25275475103408096,2.6496718287467957,1
data-0018-0002.pt,data-0018-0002.pt,1.1285107612609864,-0.1399288007989526,2.444169211387634,2
data-0018-0003.pt,data-0018-0003.pt,0.5416598454117775,0.8047663781791925,0.9754551097750663,0
data-0025-0000.pt,data-0025-0000.pt,1.7163484692573547,0.0,0.0,1
data-0025-0001.pt,data-0025-0001.pt,1.1249556332826613,0.4070504195988178,1.3946199715137482,2
data-0025-0002.pt,data-0025-0002.pt,0.8294816672801971,0.0799114964902401,2.2734209384237016,2
data-0025-0003.pt,data-0025-0003.pt,0.6452120319008827,0.0,0.0,0
data-0026-0000.pt,data-0026-0000.pt,0.7847699970006943,-0.022275380534119905,0.38801087588071825,0
data-0026-0001.pt,data-0026-0001.pt,0.7529699206352234,0.04958902392536402,0.4532482296228409,0
data-0026-0002.pt,data-0026-0002.pt,0.7835516631603241,-0.07811851212754846,0.38542538285255434,0
data-0026-0003.pt,data-0026-0003.pt,0.7971161454916,0.10384319126605987,0.42199848890304564,0
data-0027-0000.pt,data-0027-0000.pt,0.8206043660640716,-0.5077405631542206,0.3978272289037704,0
data-0027-0001.pt,data-0027-0001.pt,0.8206059217453003,-0.5078743189573288,0.39782723486423494,0
data-0027-0002.pt,data-0027-0002.pt,0.7609831541776657,-0.4498463854193687,0.4177822083234787,0
data-0027-0003.pt,data-0027-0003.pt,0.5582483828067779,-0.19163263402879238,0.8696526050567627,0
data-0028-0000.pt,data-0028-0000.pt,1.2318320631980897,0.0,0.0,1
data-0028-0001.pt,data-0028-0001.pt,1.4460124731063844,0.04626465801681791,3.241662893976484,1
data-0028-0002.pt,data-0028-0002.pt,1.548303884267807,0.5871603146195412,2.0274571657180784,1
data-0028-0003.pt,data-0028-0003.pt,1.0512833207845689,0.28060856646625326,0.30322206690907477,0
data-0029-0000.pt,data-0029-0000.pt,0.992575466632843,1.0374097898602486,1.7399841845035553,2
data-0029-0001.pt,data-0029-0001.pt,0.8206415176391602,0.0,0.0,0
data-0029-0002.pt,data-0029-0002.pt,0.8206415176391602,0.0,0.0,0
data-0029-0003.pt,data-0029-0003.pt,0.8206415176391602,0.0,0.0,0
data-0030-0000.pt,data-0030-0000.pt,0.9793114721775055,0.0336418733058963,1.2884513556957244,2
data-0030-0001.pt,data-0030-0001.pt,1.2655082583427428,0.07013027360662819,1.6241019546985627,1
data-0030-0002.pt,data-0030-0002.pt,1.120611983537674,0.14964103810489177,1.5117657124996184,2
data-0030-0003.pt,data-0030-0003.pt,1.0605445861816407,0.2344502743333578,1.5847226798534393,2
data-0031-0000.pt,data-0031-0000.pt,1.3827052295207978,0.15030472297221423,2.134778904914856,1
data-0031-0001.pt,data-0031-0001.pt,1.4088953137397766,-0.40939670503139497,0.7945420295000076,1
data-0031-0002.pt,data-0031-0002.pt,1.5181771755218505,-0.00012040226720273494,0.9675962328910828,1
data-0031-0003.pt,data-0031-0003.pt,1.4447304010391235,-0.45071530155837536,1.2132990583777428,1
data-0032-0000.pt,data-0032-0000.pt,1.7168513894081117,-0.0867415202781558,3.1125038623809815,1
data-0032-0001.pt,data-0032-0001.pt,1.490193146467209,0.2801365412771702,1.7992869943380356,1
data-0032-0002.pt,data-0032-0002.pt,1.2002566874027252,-0.7987454563379288,0.4529347985982895,1
data-0032-0003.pt,data-0032-0003.pt,0.7706296294927597,-0.721979446336627,0.5866095528006554,0
data-0033-0000.pt,data-0033-0000.pt,0.16120409512659534,0.0,0.0,0
data-0033-0001.pt,data-0033-0001.pt,0.8900293978777799,0.0,0.0,0
data-0033-0002.pt,data-0033-0002.pt,1.568472719192505,0.0,0.0,1
data-0033-0003.pt,data-0033-0003.pt,1.8491783261299133,0.0,0.0,1
data-0034-0000.pt,data-0034-0000.pt,1.1146319091320038,-0.346834153868258,0.9891048014163971,2
data-0034-0001.pt,data-0034-0001.pt,1.213189160823822,-0.06435144073329865,1.449630606174469,1
data-0034-0002.pt,data-0034-0002.pt,1.0326137036085128,-0.034209150553215294,1.6381371915340424,2
data-0034-0003.pt,data-0034-0003.pt,0.9392871648073197,-0.29527953937649726,1.2204348862171173,2
data-0035-0000.pt,data-0035-0000.pt,0.8789471358060836,-0.078341362811625,0.6820568561553955,0
data-0035-0001.pt,data-0035-0001.pt,0.8759931594133377,-0.10900003500282765,0.7233923763036728,0
data-0035-0002.pt,data-0035-0002.pt,0.7616696387529374,-0.08486072020605206,0.505831703543663,0
data-0035-0003.pt,data-0035-0003.pt,0.7661338925361634,-0.14318250715732575,0.5771225467324257,0
data-0036-0000.pt,data-0036-0000.pt,1.5272906363010406,0.28780141114257274,1.8496809691190719,1
data-0036-0001.pt,data-0036-0001.pt,1.1315527081489563,-0.03592663407325745,0.7986899212002754,1
data-0036-0002.pt,data-0036-0002.pt,0.8803935497999191,0.26848848164081573,1.0069325536489486,2
data-0036-0003.pt,data-0036-0003.pt,0.738436472415924,-0.000814148597419262,0.6080647200345993,0
data-0037-0000.pt,data-0037-0000.pt,0.5822767525911331,-0.256099322065711,0.43524482399225234,0
data-0037-0001.pt,data-0037-0001.pt,0.865558372437954,-0.060907373216468844,1.2570229202508927,2
data-0037-0002.pt,data-0037-0002.pt,1.1271453469991684,-0.12410836585331708,1.7411018490791321,2
data-0037-0003.pt,data-0037-0003.pt,0.8426966845989228,-0.07956138025037944,1.4742732107639314,2
data-0041-0000.pt,data-0041-0000.pt,0.8093437343835831,-0.06995745039312169,0.997386771440506,2
data-0041-0001.pt,data-0041-0001.pt,0.8359577566385269,0.0851210062392056,0.9819907188415528,2
data-0041-0002.pt,data-0041-0002.pt,1.0237607210874557,0.17734381183981895,1.413675171136856,2
data-0041-0003.pt,data-0041-0003.pt,0.9437027305364609,0.058317348279524596,1.265213030576706,2
data-0042-0000.pt,data-0042-0000.pt,0.8218060880899429,0.2997247874736786,1.2499661505222321,2
data-0042-0001.pt,data-0042-0001.pt,1.2135574519634247,0.3131265856325626,1.8202767848968506,1
data-0042-0002.pt,data-0042-0002.pt,1.274509423971176,0.19095307514071463,2.1164333701133726,1
data-0042-0003.pt,data-0042-0003.pt,1.3184261798858643,0.1426055007847026,2.0015134871006013,1
data-0043-0000.pt,data-0043-0000.pt,1.4984410405158997,-0.6979773752391338,2.6435646414756775,1
data-0043-0001.pt,data-0043-0001.pt,2.07282817363739,0.0,0.0,1
data-0043-0002.pt,data-0043-0002.pt,1.8233601868152618,-0.8650999665260315,0.3978271484375,1
data-0043-0003.pt,data-0043-0003.pt,1.172764426469803,-0.864009216427803,0.3978271484375,1
data-0045-0000.pt,data-0045-0000.pt,0.6969345569610595,-0.20538179787108674,0.8038301438093185,0
data-0045-0001.pt,data-0045-0001.pt,0.7398227751255035,-0.7842827498912811,0.4252918154001236,0
data-0045-0002.pt,data-0045-0002.pt,0.5885572969913483,-0.7312016397714615,0.4725624084472656,0
data-0045-0003.pt,data-0045-0003.pt,0.43324401825666425,-0.11065103893633932,0.8561927616596222,0
data-0047-0000.pt,data-0047-0000.pt,0.7249875009059906,0.002225426938093733,0.3893688261508942,0
data-0047-0001.pt,data-0047-0001.pt,0.7344683289527894,-0.2609966633841395,0.3722000792622566,0
data-0047-0002.pt,data-0047-0002.pt,0.8221667826175689,-0.3126852311193943,0.4968221679329872,0
data-0047-0003.pt,data-0047-0003.pt,0.9100677877664566,-0.13244954110123217,0.7665375173091888,0
data-0048-0000.pt,data-0048-0000.pt,0.9088843584060669,0.22860175669193267,1.69890398979187,2
data-0048-0001.pt,data-0048-0001.pt,0.7499173194169998,0.24460663497447968,1.5283644855022431,2
data-0048-0002.pt,data-0048-0002.pt,0.6747132956981658,0.002207422361243516,1.2439857244491577,0
data-0048-0003.pt,data-0048-0003.pt,0.7322230249643326,0.03729574540629983,0.9955548495054245,2
data-0050-0000.pt,data-0050-0000.pt,1.1007963120937347,0.0,0.0,0
data-0050-0001.pt,data-0050-0001.pt,0.31821489334106445,0.0,0.0,0
data-0050-0002.pt,data-0050-0002.pt,0.43883562833070755,0.0,0.0,0
data-0050-0003.pt,data-0050-0003.pt,0.6067848423495888,0.0,0.0,0
data-0053-0000.pt,data-0053-0000.pt,1.0080317944288253,0.1379661586135626,1.5242646872997283,2
data-0053-0001.pt,data-0053-0001.pt,0.8993707567453384,-0.031154372869059442,0.9086359351873398,2
data-0053-0002.pt,data-0053-0002.pt,0.7070748686790467,0.09345497494796291,0.4402002960443497,0
data-0053-0003.pt,data-0053-0003.pt,0.8205895751714707,0.12787449210882187,0.3977992504835129,0
data-0054-0000.pt,data-0054-0000.pt,0.7284691661596299,-0.35417584925889967,0.500218853354454,0
data-0054-0001.pt,data-0054-0001.pt,0.6958767801523209,-0.2506320886313915,0.4712798908352852,0
data-0054-0002.pt,data-0054-0002.pt,0.8009684234857559,-0.1676355954259634,0.48168759047985077,0
data-0054-0003.pt,data-0054-0003.pt,0.8781644612550735,-0.2091975726187229,0.49025936871767045,0
data-0056-0000.pt,data-0056-0000.pt,0.5494390726089478,0.09073305861675181,0.46794531047344207,0
data-0056-0001.pt,data-0056-0001.pt,0.4316594362258911,0.23790294006466867,0.7135136187076568,0
data-0056-0002.pt,data-0056-0002.pt,0.637656892836094,0.558542466477344,0.6016630122536107,0
data-0056-0003.pt,data-0056-0003.pt,1.0091152012348175,0.9451479643583298,0.573409016430378,0
data-0059-0000.pt,data-0059-0000.pt,0.8636982172727585,-1.125469559431076,0.45388258099555967,0
data-0059-0001.pt,data-0059-0001.pt,1.2592297971248627,-0.17484597712755204,0.6399769157171249,1
data-0059-0002.pt,data-0059-0002.pt,1.740424484014511,0.3062724582850933,1.4617200076580048,1
data-0059-0003.pt,data-0059-0003.pt,1.8159239888191223,0.21123602613806725,1.1593251287937165,1
data-0061-0000.pt,data-0061-0000.pt,1.0241385698318481,0.0,0.0,0
data-0061-0001.pt,data-0061-0001.pt,0.774711737036705,0.0,0.0,0
data-0061-0002.pt,data-0061-0002.pt,0.6017014384269714,1.6871801018714905,1.0660356283187866,0
data-0061-0003.pt,data-0061-0003.pt,0.587906701862812,0.5747378407861106,0.9203913003206253,0
data-0063-0000.pt,data-0063-0000.pt,0.6557036697864532,0.28338556587696073,1.3894176065921784,0
data-0063-0001.pt,data-0063-0001.pt,0.6193053871393204,0.05784917161217891,0.9779172092676163,0
data-0063-0002.pt,data-0063-0002.pt,0.6566540449857712,0.014241126482374966,0.5330007463693619,0
data-0063-0003.pt,data-0063-0003.pt,0.7234191566705703,-0.03154965452849865,0.46296232044696806,0
data-0065-0000.pt,data-0065-0000.pt,0.8451972067356109,0.09000407767016441,0.7479803115129471,0
data-0065-0001.pt,data-0065-0001.pt,0.9715704083442688,0.10684244013391435,0.7580940842628479,0
data-0065-0002.pt,data-0065-0002.pt,0.9347593665122986,0.1302588287740946,0.9073507219552994,2
data-0065-0003.pt,data-0065-0003.pt,0.7609671294689179,0.07622273936867714,0.6995986759662628,0
data-0067-0000.pt,data-0067-0000.pt,0.8917866945266724,-0.3459486834704876,1.8063153803348542,2
data-0067-0001.pt,data-0067-0001.pt,0.8672222256660461,-0.5418294344097376,2.0176925480365755,2
data-0067-0002.pt,data-0067-0002.pt,0.8334550112485886,0.8750269817454475,2.5002192429133823,2
data-0067-0003.pt,data-0067-0003.pt,1.3971179276704788,0.0,0.0,1
data-0069-0000.pt,data-0069-0000.pt,1.323090809583664,0.7499758705496788,1.7927057892084122,1
data-0069-0001.pt,data-0069-0001.pt,1.4183546960353852,1.0226234287023543,1.6781605295836926,1
data-0069-0002.pt,data-0069-0002.pt,1.411599737405777,1.5775960683822632,0.2530129849910736,1
data-0069-0003.pt,data-0069-0003.pt,1.705958789587021,0.0,0.0,1
data-0071-0000.pt,data-0071-0000.pt,0.5277186259627342,0.45768256932497026,1.4597672760486602,0
data-0071-0001.pt,data-0071-0001.pt,1.117579284310341,0.9148467421531677,1.6570518851280212,2
data-0071-0002.pt,data-0071-0002.pt,1.8437150120735168,-0.07304376363754272,0.47944989800453186,1
data-0071-0003.pt,data-0071-0003.pt,2.2087199330329894,-1.079893791361859,2.789002133043189,1
data-0073-0000.pt,data-0073-0000.pt,0.7779473274946213,0.1303195606917143,0.9355351805686951,2
data-0073-0001.pt,data-0073-0001.pt,0.9598568826913834,0.036116620246320966,1.1201952785253524,2
data-0073-0002.pt,data-0073-0002.pt,0.8856404691934585,-0.12987694032490255,0.960200873017311,2
data-0073-0003.pt,data-0073-0003.pt,0.8057137846946716,-0.04526146406424232,0.7814197957515716,0
data-0075-0000.pt,data-0075-0000.pt,0.8153553277254104,-0.29950356781482695,0.3960707262158394,0
data-0075-0001.pt,data-0075-0001.pt,0.7802361100912094,-0.3375736400485039,0.3994665637612343,0
data-0075-0002.pt,data-0075-0002.pt,0.7137657463550567,-0.1441085020080209,0.859770841896534,0
data-0075-0003.pt,data-0075-0003.pt,1.0593591392040254,0.02200990468263626,1.8986030519008636,2
data-0076-0000.pt,data-0076-0000.pt,0.8053005814552308,0.08650677464902401,0.9406074970960617,2
data-0076-0001.pt,data-0076-0001.pt,0.7469762086868286,0.03143365910364082,1.0058066368103027,2
data-0076-0002.pt,data-0076-0002.pt,0.9194957077503204,0.07631203681521584,1.0806589603424073,2
data-0076-0003.pt,data-0076-0003.pt,1.3299008846282958,0.4511957034468651,2.221911519765854,1
data-0077-0000.pt,data-0077-0000.pt,1.017023828625679,-0.1832793475512196,2.8495245540843293,2
data-0077-0001.pt,data-0077-0001.pt,0.9867134779691696,0.4962190170037119,2.1886797453227795,2
data-0077-0002.pt,data-0077-0002.pt,1.1760216891765594,0.29123980924487114,1.498620593547821,1
data-0077-0003.pt,data-0077-0003.pt,1.0867433965206146,0.33237237185239793,1.4980759978294373,2
data-0078-0000.pt,data-0078-0000.pt,0.7961249560117721,0.353199927508831,1.4852754026651382,2
data-0078-0001.pt,data-0078-0001.pt,1.151501315832138,0.29981533661484716,2.157393127679825,1
data-0078-0002.pt,data-0078-0002.pt,1.2549700677394866,0.18660811958834528,2.1891754508018493,1
data-0078-0003.pt,data-0078-0003.pt,1.2504813015460967,0.10988202980952337,1.9944814145565033,1
data-0079-0000.pt,data-0079-0000.pt,2.3998773455619813,0.0,0.0,1
data-0079-0001.pt,data-0079-0001.pt,2.7151687264442446,-0.1316263216237227,3.8543646732966104,1
data-0079-0002.pt,data-0079-0002.pt,2.6666796684265135,0.06966477409005165,2.586715316772461,1
data-0079-0003.pt,data-0079-0003.pt,1.5297281682491302,-0.4521430529654026,1.3919472068548202,1
data-0083-0000.pt,data-0083-0000.pt,1.0270970672369004,1.5489039023717244,2.8518275817235312,2
data-0083-0001.pt,data-0083-0001.pt,1.4666193842887878,0.0,0.0,1
data-0083-0002.pt,data-0083-0002.pt,1.5735031485557556,0.0,0.0,1
data-0083-0003.pt,data-0083-0003.pt,1.264980560541153,0.0,0.0,1
data-0085-0000.pt,data-0085-0000.pt,1.5758403837680817,0.0,0.0,1
data-0085-0001.pt,data-0085-0001.pt,1.4112086713314056,0.0,0.0,1
data-0085-0002.pt,data-0085-0002.pt,0.7725580543279648,1.615610917409261,1.8925598859786987,2
data-0085-0003.pt,data-0085-0003.pt,0.8564388245344162,0.7878091126680374,1.2646930247545243,2
data-0089-0000.pt,data-0089-0000.pt,0.7919221162796021,0.3031332343816757,0.7709100604057312,0
data-0089-0001.pt,data-0089-0001.pt,0.8076084047555924,0.28190633058547976,0.5933926656842232,0
data-0089-0002.pt,data-0089-0002.pt,0.7171497523784638,0.19154233373701574,0.7784766137599946,0
data-0089-0003.pt,data-0089-0003.pt,0.9879564970731736,0.22070340141654016,1.309204339981079,2
data-0090-0000.pt,data-0090-0000.pt,0.7204454511404037,-0.31861453503370285,0.4308738633990288,0
data-0090-0001.pt,data-0090-0001.pt,0.7913955003023148,-0.05189920656848699,1.213139683008194,2
data-0090-0002.pt,data-0090-0002.pt,1.1818394303321837,0.008717670710757375,1.9647528111934662,1
data-0090-0003.pt,data-0090-0003.pt,1.6550586640834808,0.10325753502547741,1.7130232006311417,1
data-0091-0000.pt,data-0091-0000.pt,1.091103085875511,0.4527939401566982,2.1595120191574098,2
data-0091-0001.pt,data-0091-0001.pt,0.9816577792167663,0.7834069155156612,1.3977034896612168,2
data-0091-0002.pt,data-0091-0002.pt,0.6983084619045258,0.0740881182719022,0.6541068613529205,0
data-0091-0003.pt,data-0091-0003.pt,0.8317222833633423,0.058394044358283284,0.6946348905563354,0
data-0096-0000.pt,data-0096-0000.pt,0.6402363806962967,0.002788179204799235,0.956688204407692,0
data-0096-0001.pt,data-0096-0001.pt,0.6529211580753327,-0.0682660998776555,0.8292460471391678,0
data-0096-0002.pt,data-0096-0002.pt,0.6863522320985794,0.02350019229343161,0.7746525913476944,0
data-0096-0003.pt,data-0096-0003.pt,0.6637455523014069,-0.02196835598733742,0.6709078758955002,0
data-0098-0000.pt,data-0098-0000.pt,1.672325962781906,-0.28899112343788147,3.934640073776245,1
data-0098-0001.pt,data-0098-0001.pt,2.043646532297134,-0.2070079706609249,4.669520229101181,1
data-0098-0002.pt,data-0098-0002.pt,1.4286955386400222,0.0,0.0,1
data-0098-0003.pt,data-0098-0003.pt,0.38943203454837205,0.4271952311197917,0.42709757884343463,0
data-0099-0000.pt,data-0099-0000.pt,0.5494637702126056,0.0,0.0,0
data-0099-0001.pt,data-0099-0001.pt,0.48600717931985854,0.0,0.0,0
data-0099-0002.pt,data-0099-0002.pt,0.6804811377078295,0.0,0.0,0
data-0099-0003.pt,data-0099-0003.pt,0.7824264023452997,0.0,0.0,0
data-0100-0000.pt,data-0100-0000.pt,0.6010676264762879,-0.02271613833727315,0.5892850756645203,0
data-0100-0001.pt,data-0100-0001.pt,0.6209550052881241,-0.38429570123553275,0.4776876911520958,0
data-0100-0002.pt,data-0100-0002.pt,0.6586775839328766,-0.45923992805182934,0.39144582152366636,0
data-0100-0003.pt,data-0100-0003.pt,0.5782896757125855,-0.4380986213684082,0.5696283146739006,0
data-0104-0000.pt,data-0104-0000.pt,0.8315264016389847,0.1375245138478931,1.7109602391719818,2
data-0104-0001.pt,data-0104-0001.pt,0.9625536292791367,0.058006155921611936,1.5215758085250854,2
data-0104-0002.pt,data-0104-0002.pt,0.9171142011880875,-0.12401883628917858,1.4765019118785858,2
data-0104-0003.pt,data-0104-0003.pt,0.9833089649677277,0.37634423063136635,0.9311669826507568,2
data-0105-0000.pt,data-0105-0000.pt,0.8296387881040573,-0.18025423102080823,0.5187790736556053,0
data-0105-0001.pt,data-0105-0001.pt,0.6121855780482293,-0.17542082387953997,0.5356257274746895,0
data-0105-0002.pt,data-0105-0002.pt,0.5908653035759925,0.1090087897144258,0.8387286216020584,0
data-0105-0003.pt,data-0105-0003.pt,0.8108027875423431,0.17232467979192734,1.0833611607551574,2
data-0107-0000.pt,data-0107-0000.pt,0.9181802779436111,-0.10459541322197766,0.8365645170211792,0
data-0107-0001.pt,data-0107-0001.pt,0.8813250124454498,-0.1367919005686417,0.5358608439564705,0
data-0107-0002.pt,data-0107-0002.pt,0.8201615631580352,-0.14148660153150558,0.3978316426277161,0
data-0107-0003.pt,data-0107-0003.pt,0.8370275974273682,-0.1596822828054428,0.47203590273857116,0
data-0108-0000.pt,data-0108-0000.pt,0.7394442528486251,-0.007480626599863172,1.6300979375839233,2
data-0108-0001.pt,data-0108-0001.pt,1.2049501359462738,0.09062413545325398,1.9733586251735686,1
data-0108-0002.pt,data-0108-0002.pt,2.2115790009498597,0.5975577116012574,1.3700013592839242,1
data-0108-0003.pt,data-0108-0003.pt,2.484550392627716,0.6790914546698332,0.4902927055954933,1
data-0109-0000.pt,data-0109-0000.pt,0.6643468618392945,-0.05806567547551822,0.8139052927494049,0
data-0109-0001.pt,data-0109-0001.pt,0.7191107541322708,-0.09981187516823412,0.8008104950189591,0
data-0109-0002.pt,data-0109-0002.pt,0.7728120446205139,-0.2342234119772911,0.763280376791954,0
data-0109-0003.pt,data-0109-0003.pt,0.8843258738517761,-0.25353789776563646,0.6603893905878067,0
data-0110-0000.pt,data-0110-0000.pt,0.7134521275758743,0.07393075767322443,0.8332756638526917,0
data-0110-0001.pt,data-0110-0001.pt,0.5708021402359009,0.07602349013322965,1.2627891808748246,0
data-0110-0002.pt,data-0110-0002.pt,0.7419953763484954,0.030314839247148485,1.4978718280792236,2
data-0110-0003.pt,data-0110-0003.pt,0.9770759314298629,0.09554576799855567,1.7606871545314788,2
data-0111-0000.pt,data-0111-0000.pt,0.820365184545517,-0.19535931944847107,0.4552083253860474,0
data-0111-0001.pt,data-0111-0001.pt,0.8888884216547013,-0.16050704419612885,0.5036310628056526,0
data-0111-0002.pt,data-0111-0002.pt,1.02064408659935,-0.070841896062484,1.1255547657608986,2
data-0111-0003.pt,data-0111-0003.pt,1.0517131090164185,0.0235985100036487,1.1480614125728608,2
data-0112-0000.pt,data-0112-0000.pt,0.9842348337173462,-0.15722824968397617,1.0519686400890351,2
data-0112-0001.pt,data-0112-0001.pt,0.9594534397125244,0.05031156419427134,0.969623726606369,2
data-0112-0002.pt,data-0112-0002.pt,0.7882466465234756,-0.041978380945511165,0.8055009067058563,0
data-0112-0003.pt,data-0112-0003.pt,0.8192733615636826,-0.10822550263255834,0.537172469496727,0
data-0113-0000.pt,data-0113-0000.pt,0.9654542982578278,-0.021808298415271564,1.3808765053749084,2
data-0113-0001.pt,data-0113-0001.pt,1.0279065012931823,-0.1534280218882486,1.2967708647251128,2
data-0113-0002.pt,data-0113-0002.pt,0.8909089654684067,-0.07344127418473363,1.29811190366745,2
data-0113-0003.pt,data-0113-0003.pt,0.8352747827768325,0.05916786640882492,1.4838534057140351,2
data-0115-0000.pt,data-0115-0000.pt,0.8031692743301392,0.16447272673249244,1.0854933112859726,2
data-0115-0001.pt,data-0115-0001.pt,1.0038438111543655,-0.06666240354534239,1.7968822836875915,2
data-0115-0002.pt,data-0115-0002.pt,1.0754908591508865,0.3018894273322076,1.601842176914215,2
data-0115-0003.pt,data-0115-0003.pt,1.4701937913894654,0.6812261804938317,0.26693327573593706,1
data-0117-0000.pt,data-0117-0000.pt,0.6093185424804688,0.1772986751049757,0.814536789059639,0
data-0117-0001.pt,data-0117-0001.pt,0.6405257135629654,0.1787403892725706,1.1156442612409592,0
data-0117-0002.pt,data-0117-0002.pt,0.6804363697767257,0.31564991772174833,1.2010098040103911,0
data-0117-0003.pt,data-0117-0003.pt,0.6339450120925904,-0.09683639779686928,1.0924251705408097,0
data-0118-0000.pt,data-0118-0000.pt,0.8315092384815216,-0.1849239230155945,0.4782030642032623,0
data-0118-0001.pt,data-0118-0001.pt,0.7665859192609787,-0.1551346018910408,0.47760246843099596,0
data-0118-0002.pt,data-0118-0002.pt,0.7445085644721985,-0.1386367131024599,0.44940751492977143,0
data-0118-0003.pt,data-0118-0003.pt,0.7809187471866608,-0.14355257973074914,0.41647329181432724,0
data-0121-0000.pt,data-0121-0000.pt,1.2216304212808609,0.13494408521801232,1.5652530133724212,1
data-0121-0001.pt,data-0121-0001.pt,1.019741490483284,0.0005916665308177471,1.5719283401966095,2
data-0121-0002.pt,data-0121-0002.pt,1.2290988087654113,0.08772912248969078,1.915578830242157,1
data-0121-0003.pt,data-0121-0003.pt,0.8851648330688476,0.15230319307302126,1.087848824262619,2
data-0124-0000.pt,data-0124-0000.pt,0.8356406807899475,-0.48848743587732313,0.8650802642107009,0
data-0124-0001.pt,data-0124-0001.pt,0.7621101886034012,0.11499327570199966,0.943435862660408,2
data-0124-0002.pt,data-0124-0002.pt,0.6505465805530548,-0.17571497298777103,0.8069315046072006,0
data-0124-0003.pt,data-0124-0003.pt,0.6319091260433197,-0.44433026686310767,0.6504047334194183,0
data-0125-0000.pt,data-0125-0000.pt,0.7167698025703431,-0.17369958870112895,0.9912636384367943,0
data-0125-0001.pt,data-0125-0001.pt,0.6446905851364135,-0.21216671913862228,0.6550640404224396,0
data-0125-0002.pt,data-0125-0002.pt,0.6211014419794083,-0.5056559517979622,0.5911455065011978,0
data-0125-0003.pt,data-0125-0003.pt,0.684783324599266,-0.27921231705695393,0.5953136414289475,0
data-0126-0000.pt,data-0126-0000.pt,0.9095115214586258,0.19475469887256622,1.2702684462070466,2
data-0126-0001.pt,data-0126-0001.pt,1.3055281043052673,0.21595291178673506,2.423417890071869,1
data-0126-0002.pt,data-0126-0002.pt,1.2364517450332642,0.15727123273536564,1.7287293791770935,1
data-0126-0003.pt,data-0126-0003.pt,0.7970205068588256,0.2588201276957989,0.8972888678312302,2
data-0129-0000.pt,data-0129-0000.pt,0.8788456678390503,-0.12606452452018857,1.1922733962535859,2
data-0129-0001.pt,data-0129-0001.pt,0.851929458975792,-0.5075513079762459,0.40883724093437196,0
data-0129-0002.pt,data-0129-0002.pt,0.8068452626466751,-0.5296376898884774,0.3980147212743759,0
data-0129-0003.pt,data-0129-0003.pt,0.8209724187850952,-0.547921547293663,0.5005525305867196,0
data-0130-0000.pt,data-0130-0000.pt,0.7046199828386307,0.15109041072428225,0.6974860787391662,0
data-0130-0001.pt,data-0130-0001.pt,0.5752947852015495,-0.044172610016539694,0.6793055176734925,0
data-0130-0002.pt,data-0130-0002.pt,0.5156006962060928,0.028577197017148136,0.8302910983562469,0
data-0130-0003.pt,data-0130-0003.pt,0.7689462453126907,0.11547725945711136,1.130056342482567,2
data-0132-0000.pt,data-0132-0000.pt,0.7590060859918595,-0.14818330779671668,0.4486350417137146,0
data-0132-0001.pt,data-0132-0001.pt,0.5349417150020599,0.033059004507958886,0.7109591647982597,0
data-0132-0002.pt,data-0132-0002.pt,0.6566228985786438,0.1893585566431284,1.502475768327713,0
data-0132-0003.pt,data-0132-0003.pt,0.9782344311475754,0.21843269616365432,1.668842500448227,2
data-0134-0000.pt,data-0134-0000.pt,0.6972844421863555,0.09534161426126957,1.1788936853408813,0
data-0134-0001.pt,data-0134-0001.pt,0.6136821895837784,0.2459316484630108,1.0207271248102188,0
data-0134-0002.pt,data-0134-0002.pt,0.6171764075756073,0.2598208487033844,1.043248823285103,0
data-0134-0003.pt,data-0134-0003.pt,0.5155349895358086,0.1567662414163351,0.8550748139619827,0
data-0138-0000.pt,data-0138-0000.pt,0.9506711035966873,0.27959290966391565,1.4482569754123689,2
data-0138-0001.pt,data-0138-0001.pt,1.0141705751419068,0.24250922948122025,1.5343560576438904,2
data-0138-0002.pt,data-0138-0002.pt,0.958948290348053,0.11026724638650194,1.6742487370967865,2
data-0138-0003.pt,data-0138-0003.pt,1.0384174942970277,0.22045627441257237,1.8404118895530701,2
data-0139-0000.pt,data-0139-0000.pt,0.5117349743843078,0.01111007737199543,0.681449806690216,0
data-0139-0001.pt,data-0139-0001.pt,0.512322898209095,-0.02433039850438945,0.5309310764074325,0
data-0139-0002.pt,data-0139-0002.pt,0.6224817782640457,0.05679324405500665,0.4932910054922104,0
data-0139-0003.pt,data-0139-0003.pt,0.772529137134552,0.11140803825110197,0.6347307950258255,0
data-0140-0000.pt,data-0140-0000.pt,0.6087253421545029,-0.03254223784897477,0.6578630179166793,0
data-0140-0001.pt,data-0140-0001.pt,0.6258493155241013,-0.045927621494047347,1.1754778802394867,0
data-0140-0002.pt,data-0140-0002.pt,0.8227557867765427,-0.04213997721672058,1.68409520983696,2
data-0140-0003.pt,data-0140-0003.pt,1.038155734539032,-0.1555216832086444,1.3812104225158692,2
data-0141-0000.pt,data-0141-0000.pt,0.805401834845543,0.026157550141215326,0.4818801492452621,0
data-0141-0001.pt,data-0141-0001.pt,0.7307574331760407,0.06418902575969695,0.47655694633722306,0
data-0141-0002.pt,data-0141-0002.pt,0.7244304865598679,0.14138900305260904,0.9287303656339645,2
data-0141-0003.pt,data-0141-0003.pt,0.850812840461731,0.2765010449104011,1.636228996515274,2
data-0142-0000.pt,data-0142-0000.pt,0.854865875840187,-0.17491911041142885,1.627807855606079,2
data-0142-0001.pt,data-0142-0001.pt,0.8957887321710587,-0.18378715836443008,1.3216261178255082,2
data-0142-0002.pt,data-0142-0002.pt,0.8215395331382751,-0.6506622597575188,0.6252409100532532,0
data-0142-0003.pt,data-0142-0003.pt,0.7614809572696686,-0.6135542005300522,0.7553093701601028,0
data-0143-0000.pt,data-0143-0000.pt,0.8138152748346329,-0.265597277879715,0.9832777231931686,2
data-0143-0001.pt,data-0143-0001.pt,0.7416422806680203,-1.155039942264557,0.2846609024330974,0
data-0143-0002.pt,data-0143-0002.pt,0.3588797219097614,-0.24584631621837616,0.8020851254463196,0
data-0143-0003.pt,data-0143-0003.pt,0.8367049276828766,0.3336345762014389,2.0114860415458677,2
data-0144-0000.pt,data-0144-0000.pt,0.48960862010717393,-0.15388422195101156,0.5436251871287823,0
data-0144-0001.pt,data-0144-0001.pt,0.9981019169092178,0.5148302540183067,0.7420360006392002,0
data-0144-0002.pt,data-0144-0002.pt,1.456317698955536,1.2349059879779816,0.6829685628414154,1
data-0144-0003.pt,data-0144-0003.pt,1.6322999000549316,1.609889990091324,0.23531478717923165,1
data-0145-0000.pt,data-0145-0000.pt,1.0646626949310303,0.11454293243587017,1.4418013632297515,2
data-0145-0001.pt,data-0145-0001.pt,1.0557445406913757,-0.045678275940008464,1.1991218984127046,2
data-0145-0002.pt,data-0145-0002.pt,0.8827082335948944,0.05399664145661518,0.9431796073913574,2
data-0145-0003.pt,data-0145-0003.pt,0.9245659470558166,0.0802715115249157,1.230415865778923,2
data-0146-0000.pt,data-0146-0000.pt,1.0315651029348374,-0.09697906076908111,0.7511144816875458,0
data-0146-0001.pt,data-0146-0001.pt,0.9452283054590225,0.17297912612557412,0.8256497994065285,0
data-0146-0002.pt,data-0146-0002.pt,0.718625295162201,0.023995751678012312,0.5446631267666817,0
data-0146-0003.pt,data-0146-0003.pt,0.6934289515018464,-0.08241509906947612,0.7197012096643448,0
data-0147-0000.pt,data-0147-0000.pt,0.6778931319713593,0.7092122465372086,0.39773097485303877,0
data-0147-0001.pt,data-0147-0001.pt,0.7723077714443207,0.6839081615209579,0.3952771559357643,0
data-0147-0002.pt,data-0147-0002.pt,0.7123341768980026,0.46372175216674805,1.2017392307519912,0
data-0147-0003.pt,data-0147-0003.pt,0.6484510630369187,0.7299201667308808,0.6160627499222755,0
data-0148-0000.pt,data-0148-0000.pt,0.8029495447874069,0.0666692261933349,0.8100400179624557,0
data-0148-0001.pt,data-0148-0001.pt,0.8925992608070373,0.020478417072445153,0.5172667920589447,0
data-0148-0002.pt,data-0148-0002.pt,0.8985902696847916,-0.0820412054657936,0.45536013394594194,0
data-0148-0003.pt,data-0148-0003.pt,0.8244239866733551,0.0742754053324461,0.6354242116212845,0
data-0150-0000.pt,data-0150-0000.pt,0.929757097363472,0.0,0.0,0
data-0150-0001.pt,data-0150-0001.pt,1.710559332370758,0.0,0.0,1
data-0150-0002.pt,data-0150-0002.pt,1.2072903260588645,0.0,0.0,1
data-0150-0003.pt,data-0150-0003.pt,0.2587854048237205,0.0,0.0,0
data-0153-0000.pt,data-0153-0000.pt,0.6898653626441955,0.07794779287651181,1.2865959465503694,0
data-0153-0001.pt,data-0153-0001.pt,0.4981688275933266,-0.013954944703436922,0.6428680717945099,0
data-0153-0002.pt,data-0153-0002.pt,0.5218597665429116,-0.047988624591380355,0.6291446387767792,0
data-0153-0003.pt,data-0153-0003.pt,0.5386966660618782,-0.0662093760445714,0.6995567411184311,0
data-0154-0000.pt,data-0154-0000.pt,1.1036331832408905,0.06417042969260364,1.5894634246826171,2
data-0154-0001.pt,data-0154-0001.pt,0.9466877013444901,0.22848687395453454,1.2321200996637345,2
data-0154-0002.pt,data-0154-0002.pt,0.805632084608078,0.19857493564486503,0.8751626253128052,2
data-0154-0003.pt,data-0154-0003.pt,0.7637738227844239,-0.08284745793789625,0.6731084436178207,0
data-0155-0000.pt,data-0155-0000.pt,0.34483992755413057,0.2001563675701618,0.6338557124137878,0
data-0155-0001.pt,data-0155-0001.pt,0.6337127968668937,0.1292312631383538,0.863412755727768,0
data-0155-0002.pt,data-0155-0002.pt,0.9207841664552688,0.1190056118182838,1.1431797683238982,2
data-0155-0003.pt,data-0155-0003.pt,1.0995850324630738,0.03689949801191687,1.2308423399925232,2
data-0156-0000.pt,data-0156-0000.pt,0.814080719764416,-0.8160904049873352,0.9340974986553192,2
data-0156-0001.pt,data-0156-0001.pt,0.5706938087940217,0.19603429213166237,1.3095406860113143,0
data-0156-0002.pt,data-0156-0002.pt,0.5950249254703521,-0.5571868538856506,0.9427743479609489,0
data-0156-0003.pt,data-0156-0003.pt,0.46489611715078355,-0.001238774135708809,1.2197262525558472,0
data-0163-0000.pt,data-0163-0000.pt,0.630040630698204,-0.09606353049166501,0.7131865099072456,0
data-0163-0001.pt,data-0163-0001.pt,0.849205082654953,-0.007747202771133744,1.525999629497528,2
data-0163-0002.pt,data-0163-0002.pt,0.9496220797300339,0.02029452775605023,1.8712470650672912,2
data-0163-0003.pt,data-0163-0003.pt,1.0379448056221008,0.18245789557695388,1.5495914280414582,2
data-0169-0000.pt,data-0169-0000.pt,0.6111755073070526,-0.21872422019951046,0.9466366201639176,0
data-0169-0001.pt,data-0169-0001.pt,0.731832304596901,0.13947581611573695,1.4843537867069245,2
data-0169-0002.pt,data-0169-0002.pt,0.955280315876007,0.3778015851974487,1.881173986196518,2
data-0169-0003.pt,data-0169-0003.pt,1.2048243552446365,0.2338909253012389,1.8073210954666137,1
data-0172-0000.pt,data-0172-0000.pt,0.676498082280159,0.24558056741952897,1.1841751992702485,0
data-0172-0001.pt,data-0172-0001.pt,0.6753628939390183,0.27483194693922997,1.2090042352676391,0
data-0172-0002.pt,data-0172-0002.pt,0.5899641126394272,-0.31905032419599594,0.9140962600708008,0
data-0172-0003.pt,data-0172-0003.pt,0.6140109032392502,-0.5615059226751328,0.5134666249155998,0
data-0173-0000.pt,data-0173-0000.pt,0.8459278523921967,0.07215495917480438,1.1263716608285903,2
data-0173-0001.pt,data-0173-0001.pt,0.6418416261672973,0.30972328409552574,1.1965334296226502,0
data-0173-0002.pt,data-0173-0002.pt,0.7674013108015061,0.277828099578619,0.8546369343996048,0
data-0173-0003.pt,data-0173-0003.pt,0.7210940986871719,0.02103280499577522,0.7045492142438888,0
data-0179-0000.pt,data-0179-0000.pt,1.2736096262931824,0.15525636039674282,1.8662153363227845,1
data-0179-0001.pt,data-0179-0001.pt,1.492026937007904,0.06280617993324995,1.4136118352413178,1
data-0179-0002.pt,data-0179-0002.pt,1.256996077299118,0.16041757576167584,1.2422545313835145,1
data-0179-0003.pt,data-0179-0003.pt,0.8323219388723373,0.16277527157217264,1.3378951966762542,2
data-0181-0000.pt,data-0181-0000.pt,1.0304722309112548,0.20174999609589578,1.649691379070282,2
data-0181-0001.pt,data-0181-0001.pt,0.9116146951913834,0.0719137528911233,1.4308877885341644,2
data-0181-0002.pt,data-0181-0002.pt,0.8371818363666534,-0.28806787794455885,1.129094597697258,2
data-0181-0003.pt,data-0181-0003.pt,0.8084446310997009,-0.054772678785957395,0.7085034906864166,0
data-0183-0000.pt,data-0183-0000.pt,1.311340296268463,-0.008010854828171432,2.3976420164108276,1
data-0183-0001.pt,data-0183-0001.pt,0.9987836599349975,-0.043282351922243834,1.8723871111869812,2
data-0183-0002.pt,data-0183-0002.pt,0.9455697029829025,0.033202462224289776,1.9731850147247314,2
data-0183-0003.pt,data-0183-0003.pt,1.1103787273168564,0.04656256230082363,2.2682809233665466,2
data-0184-0000.pt,data-0184-0000.pt,0.86727933883667,0.07704881271347404,0.9960895955562592,2
data-0184-0001.pt,data-0184-0001.pt,0.9452464282512665,-0.03519928050227463,0.8594651490449905,0
data-0184-0002.pt,data-0184-0002.pt,0.8898557752370835,-0.12269455417990685,0.6716853678226471,0
data-0184-0003.pt,data-0184-0003.pt,0.8610000014305115,-0.15132636651396753,0.5699476212263107,0
data-0185-0000.pt,data-0185-0000.pt,0.8031030327081681,-0.22188300490379334,0.49906516671180723,0
data-0185-0001.pt,data-0185-0001.pt,0.8377890288829803,-0.29781848937273026,0.5876648336648941,0
data-0185-0002.pt,data-0185-0002.pt,0.8215621620416641,-0.2677008658647537,0.4081810534000397,0
data-0185-0003.pt,data-0185-0003.pt,0.8137777775526047,-0.2592190787196159,0.39784573018550873,0
data-0186-0000.pt,data-0186-0000.pt,0.8363880753517151,0.16005210208240897,0.6068312287330627,0
data-0186-0001.pt,data-0186-0001.pt,0.7924681425094604,-0.0667366942157969,0.5331816762685776,0
data-0186-0002.pt,data-0186-0002.pt,0.7513374060392379,0.036870950786396864,0.44813887029886246,0
data-0186-0003.pt,data-0186-0003.pt,0.6943127155303955,0.19647137373685836,0.7134207963943482,0
data-0187-0000.pt,data-0187-0000.pt,1.0595925003290176,0.5036436468362808,1.5335583627223968,2
data-0187-0001.pt,data-0187-0001.pt,1.4946215450763702,-0.0832285772670399,1.7474928552454168,1
data-0187-0002.pt,data-0187-0002.pt,1.835208648443222,-0.6473220348358154,4.398260331153869,1
data-0187-0003.pt,data-0187-0003.pt,1.8512836873531342,-0.13482270893805168,3.903541887507719,1
data-0188-0000.pt,data-0188-0000.pt,0.6485580861568451,-0.07088263189652935,0.6917709678411483,0
data-0188-0001.pt,data-0188-0001.pt,0.48250688761472704,0.0016382256522774695,0.7550900697708129,0
data-0188-0002.pt,data-0188-0002.pt,0.702283376455307,0.09776460651773959,1.1354660123586655,0
data-0188-0003.pt,data-0188-0003.pt,1.1372323632240295,-0.08820651546120643,1.0965479016304016,1
data-0190-0000.pt,data-0190-0000.pt,0.7076732665300369,0.19470674060285093,1.450373888015747,0
data-0190-0001.pt,data-0190-0001.pt,0.7288787752389908,0.1092466540634632,1.4075833082199096,2
data-0190-0002.pt,data-0190-0002.pt,0.7003068387508392,0.09741077166981996,1.291796487569809,0
data-0190-0003.pt,data-0190-0003.pt,0.6642278760671616,-0.04372165971435606,1.298548310995102,0
data-0191-0000.pt,data-0191-0000.pt,1.1834202527999877,0.33492718636989594,2.3324795842170714,1
data-0191-0001.pt,data-0191-0001.pt,1.1618953824043274,0.31937223598361014,2.386561119556427,1
data-0191-0002.pt,data-0191-0002.pt,1.1402688503265381,0.3060385506600142,2.1107097804546355,1
data-0191-0003.pt,data-0191-0003.pt,1.0948583692312241,0.16759562510997056,2.265347474813461,2
data-0192-0000.pt,data-0192-0000.pt,1.2151454269886017,0.11648547216318547,1.9091363072395324,1
data-0192-0001.pt,data-0192-0001.pt,1.2742682218551635,0.12741037141531705,2.145307344198227,1
data-0192-0002.pt,data-0192-0002.pt,1.5168400526046752,0.3146820588037372,2.4678467392921446,1
data-0192-0003.pt,data-0192-0003.pt,1.4013036906719207,0.4393637217581272,1.903352475166321,1
data-0195-0000.pt,data-0195-0000.pt,0.9867455631494522,-0.1549767592252465,0.8615682303905488,0
data-0195-0001.pt,data-0195-0001.pt,0.7484348267316818,0.35977634564042094,1.0619265407323837,2
data-0195-0002.pt,data-0195-0002.pt,0.871992427110672,0.28356580637628215,0.9249764800071716,2
data-0195-0003.pt,data-0195-0003.pt,0.7250384867191315,0.1606694169342518,0.5244640812277794,0
data-0196-0000.pt,data-0196-0000.pt,0.7789031386375427,-0.2490474868565798,0.5782253310084343,0
data-0196-0001.pt,data-0196-0001.pt,0.668714514374733,-0.339045799523592,0.4964245170354843,0
data-0196-0002.pt,data-0196-0002.pt,0.5649090588092804,-0.10851562895113602,0.7150422155857086,0
data-0196-0003.pt,data-0196-0003.pt,0.7640967309474945,-0.000865641376003623,1.3346871376037597,2
data-0198-0000.pt,data-0198-0000.pt,1.3759068191051482,0.0,0.0,1
data-0198-0001.pt,data-0198-0001.pt,0.6609659032896161,0.0,0.0,0
data-0198-0002.pt,data-0198-0002.pt,0.7261118099093438,0.0,0.0,0
data-0198-0003.pt,data-0198-0003.pt,0.41289657149463893,0.0,0.0,0
data-0201-0000.pt,data-0201-0000.pt,0.8150604784488678,-0.23551473030820488,0.7165660232305526,0
data-0201-0001.pt,data-0201-0001.pt,0.6526119589805603,-0.3051128856837749,0.643777534365654,0
data-0201-0002.pt,data-0201-0002.pt,0.6932925581932068,-0.5305709078907966,0.4434475898742676,0
data-0201-0003.pt,data-0201-0003.pt,0.7041616171598435,-0.5948765456676484,0.4550654858350754,0
data-0202-0000.pt,data-0202-0000.pt,0.7220061182975769,0.011736202402971685,0.6105138778686523,0
data-0202-0001.pt,data-0202-0001.pt,0.7200933307409286,0.05874006245285272,0.9216267466545105,2
data-0202-0002.pt,data-0202-0002.pt,0.6502594441175461,0.17366875074803828,1.2889005303382874,0
data-0202-0003.pt,data-0202-0003.pt,0.6810493558645249,0.13193661719560623,1.0728337556123733,0
data-0205-0000.pt,data-0205-0000.pt,0.6582112371921539,0.09371027578599751,1.4290208578109742,0
data-0205-0001.pt,data-0205-0001.pt,0.6570070385932922,0.2135812995140441,1.3438004791736602,0
data-0205-0002.pt,data-0205-0002.pt,1.1584031343460084,-0.03613185603171587,2.2033222794532774,1
data-0205-0003.pt,data-0205-0003.pt,1.233828353881836,-0.257840536814183,1.7607625126838684,1
data-0206-0000.pt,data-0206-0000.pt,1.260702407360077,0.3090314783155918,0.346142316609621,1
data-0206-0001.pt,data-0206-0001.pt,0.874983623623848,0.1400336598046124,0.7843646883964539,0
data-0206-0002.pt,data-0206-0002.pt,0.5570867493748665,-1.042071421444416,0.8487583559006453,0
data-0206-0003.pt,data-0206-0003.pt,0.385169567912817,-0.919437101483345,0.17447914145886897,0
data-0208-0000.pt,data-0208-0000.pt,1.3741253018379211,0.0853629782795906,5.659631550312042,1
data-0208-0001.pt,data-0208-0001.pt,1.3021249920129776,0.0,0.0,1
data-0208-0002.pt,data-0208-0002.pt,1.665536493062973,0.0,0.0,1
data-0208-0003.pt,data-0208-0003.pt,1.6787723302841187,0.0,0.0,1
data-0209-0000.pt,data-0209-0000.pt,0.771368470788002,0.0,0.0,0
data-0209-0001.pt,data-0209-0001.pt,1.3666906197865805,0.0,0.0,1
data-0209-0002.pt,data-0209-0002.pt,1.4956380307674408,0.0,0.0,1
data-0209-0003.pt,data-0209-0003.pt,1.2197290360927582,0.0,0.0,1
data-0210-0000.pt,data-0210-0000.pt,0.9520849734544754,0.087627258640714,1.5133604824542999,2
data-0210-0001.pt,data-0210-0001.pt,1.0334891259670258,0.19779603276401758,1.6823275804519653,2
data-0210-0002.pt,data-0210-0002.pt,0.9099506884813309,-0.025929401977919042,1.4045574724674226,2
data-0210-0003.pt,data-0210-0003.pt,0.9672446101903915,0.13962671179324387,1.702216112613678,2
data-0213-0000.pt,data-0213-0000.pt,0.38541651144623756,0.07976539237424732,0.7887582734227181,0
data-0213-0001.pt,data-0213-0001.pt,0.17146013714373112,-0.18274713084101676,0.5800808951258659,0
data-0213-0002.pt,data-0213-0002.pt,0.405196438729763,0.09274187926203012,1.131069141626358,0
data-0213-0003.pt,data-0213-0003.pt,0.44854908138513566,0.12165164921898394,0.9273259162902832,0
data-0214-0000.pt,data-0214-0000.pt,0.8167564600706101,0.1132467495277524,1.171445119380951,2
data-0214-0001.pt,data-0214-0001.pt,0.7607506692409516,0.12164051413128618,1.1246759980916976,2
data-0214-0002.pt,data-0214-0002.pt,0.8848808228969574,-0.2847853169776499,0.7693331956863403,0
data-0214-0003.pt,data-0214-0003.pt,0.8628853678703308,-0.41008725464344026,0.6723116278648377,0
data-0216-0000.pt,data-0216-0000.pt,0.8744660258293152,0.23180799782276154,0.9580514997243881,2
data-0216-0001.pt,data-0216-0001.pt,0.9201872080564499,0.17188074486330152,1.190414273738861,2
data-0216-0002.pt,data-0216-0002.pt,0.9936817675828934,0.06306613394990564,1.499288761615753,2
data-0216-0003.pt,data-0216-0003.pt,1.0266766667366027,0.21437861323356627,1.5415533304214477,2
data-0217-0000.pt,data-0217-0000.pt,0.9011779606342316,0.13068905286490917,1.0059138625860213,2
data-0217-0001.pt,data-0217-0001.pt,0.8603921920061112,0.03851257157512009,0.5710125073790551,0
data-0217-0002.pt,data-0217-0002.pt,0.7819155991077423,0.042475970927625895,0.4360610008239746,0
data-0217-0003.pt,data-0217-0003.pt,0.7641384363174438,0.2046188684180379,0.6698288708925247,0
data-0219-0000.pt,data-0219-0000.pt,0.6625766217708587,0.11490511568263173,1.053089079260826,0
data-0219-0001.pt,data-0219-0001.pt,1.0660672813653946,0.23301701322197915,1.2746696829795838,2
data-0219-0002.pt,data-0219-0002.pt,1.3023980557918549,0.22262204959988594,1.7290718138217926,1
data-0219-0003.pt,data-0219-0003.pt,1.1449506640434266,0.26695172265172007,1.7520762383937836,1
data-0220-0000.pt,data-0220-0000.pt,1.3340265452861786,0.0,0.0,1
data-0220-0001.pt,data-0220-0001.pt,0.9057487934827805,1.3549184322357177,5.126632118225098,2
data-0220-0002.pt,data-0220-0002.pt,1.227811226248741,-0.28006860576570036,4.622605466842652,1
data-0220-0003.pt,data-0220-0003.pt,1.88586745262146,0.15624089762568474,3.8797979235649107,1
data-0223-0000.pt,data-0223-0000.pt,0.7670673966407776,0.25073176994919777,0.935855570435524,2
data-0223-0001.pt,data-0223-0001.pt,0.7929055482149124,0.2539104290306568,1.027797669172287,2
data-0223-0002.pt,data-0223-0002.pt,0.7011378437280655,0.03314548898488283,0.8976010501384735,0
data-0223-0003.pt,data-0223-0003.pt,0.802442854642868,-0.02500533638522029,0.8116196095943451,0
data-0224-0000.pt,data-0224-0000.pt,0.6731282114982605,0.03298990859184414,1.1422460466623305,0
data-0224-0001.pt,data-0224-0001.pt,0.657971316576004,-0.14295712094753982,0.9728787332773209,0
data-0224-0002.pt,data-0224-0002.pt,0.6909335613250732,-0.7369095712900162,0.482808393239975,0
data-0224-0003.pt,data-0224-0003.pt,0.8441436171531678,-0.8131131827831268,0.6852681830525398,0
data-0226-0000.pt,data-0226-0000.pt,0.7792392700910569,0.006258464383427054,0.4306068316102028,0
data-0226-0001.pt,data-0226-0001.pt,0.6588997483253479,0.09349533758067992,0.5887248605489731,0
data-0226-0002.pt,data-0226-0002.pt,0.824858370423317,0.12815797477960586,1.6491598188877106,2
data-0226-0003.pt,data-0226-0003.pt,1.1233763515949249,0.27410789802670477,1.897699111700058,2
data-0227-0000.pt,data-0227-0000.pt,1.2000282824039459,0.023547964915633202,1.7726174473762513,1
data-0227-0001.pt,data-0227-0001.pt,1.3140388429164886,-0.1350898424629122,1.390319687128067,1
data-0227-0002.pt,data-0227-0002.pt,1.1769665002822876,0.06093961736187339,1.7210949957370758,1
data-0227-0003.pt,data-0227-0003.pt,1.4127605080604553,0.14734931606799365,2.567584162950516,1
data-0229-0000.pt,data-0229-0000.pt,0.7927527308464051,-0.12906619533896446,0.36112183034420015,0
data-0229-0001.pt,data-0229-0001.pt,0.8206081748008728,-0.1391845427453518,0.39780341982841494,0
data-0229-0002.pt,data-0229-0002.pt,0.8206122726202011,-0.1390394538640976,0.39780632108449937,0
data-0229-0003.pt,data-0229-0003.pt,0.8206115752458573,-0.13747199028730392,0.3978043332695961,0
data-0231-0000.pt,data-0231-0000.pt,0.7029361218214035,0.541044688411057,1.9540507912635803,0
data-0231-0001.pt,data-0231-0001.pt,0.8037401795387268,-0.7401188313961029,1.323491108417511,2
data-0231-0002.pt,data-0231-0002.pt,0.7148291677236557,-0.31385986674577,1.7225033342838287,0
data-0231-0003.pt,data-0231-0003.pt,0.8100762099027634,0.10074213572910853,1.4466619832175118,2
data-0233-0000.pt,data-0233-0000.pt,0.696403257548809,0.26431296977680174,1.4182859301567077,0
data-0233-0001.pt,data-0233-0001.pt,0.9855679363012314,0.26396555099636315,1.001594540476799,2
data-0233-0002.pt,data-0233-0002.pt,0.9543983250856399,0.01976578924804926,0.3968064025044441,0
data-0233-0003.pt,data-0233-0003.pt,1.1122938215732574,0.2486279394943267,1.5819080650806427,2
data-0234-0000.pt,data-0234-0000.pt,0.8274524301290512,0.09186238176189362,0.5204649537801742,0
data-0234-0001.pt,data-0234-0001.pt,0.7643395394086838,0.10780959352850913,0.39715778082609177,0
data-0234-0002.pt,data-0234-0002.pt,0.7797015637159348,0.1070314534008503,0.3978138491511345,0
data-0234-0003.pt,data-0234-0003.pt,0.8507142096757889,0.08076836172258481,0.4339269891381264,0
data-0235-0000.pt,data-0235-0000.pt,0.8122829467058181,0.2538103058934212,0.39845247119665145,0
data-0235-0001.pt,data-0235-0001.pt,0.6615513265132904,0.31141321882605555,0.889313155412674,0
data-0235-0002.pt,data-0235-0002.pt,0.7910271555185318,-0.009631483629345895,1.650663012266159,2
data-0235-0003.pt,data-0235-0003.pt,0.7627478748559952,-0.05313710302580148,1.6352465867996215,2
data-0236-0000.pt,data-0236-0000.pt,1.3757550895214081,0.02818642109632492,2.6386879682540894,1
data-0236-0001.pt,data-0236-0001.pt,1.1297407925128937,0.02960546165704727,2.8694004893302916,2
data-0236-0002.pt,data-0236-0002.pt,1.2337756693363189,0.133094464847818,3.0469842731952665,1
data-0236-0003.pt,data-0236-0003.pt,1.232959121465683,0.6471624821424484,3.005368173122406,1
data-0238-0000.pt,data-0238-0000.pt,0.7734333127737045,0.04061575904488564,0.6742518782615662,0
data-0238-0001.pt,data-0238-0001.pt,0.8227990537881851,-0.044599074975121764,0.5656155779957771,0
data-0238-0002.pt,data-0238-0002.pt,0.7769862323999405,-0.12847873326390982,0.3978050068020821,0
data-0238-0003.pt,data-0238-0003.pt,0.8171968728303909,-0.09307170342653989,0.39995244741439817,0
data-0239-0000.pt,data-0239-0000.pt,0.7657852530479431,-0.22693547904491423,0.9993571549654007,2
data-0239-0001.pt,data-0239-0001.pt,0.8051600515842438,-0.31806011907756326,0.6452869325876236,0
data-0239-0002.pt,data-0239-0002.pt,0.7337315201759338,-0.25367073714733124,0.3729877039790154,0
data-0239-0003.pt,data-0239-0003.pt,0.8170397609472275,-0.1273395051714033,0.42875347584486007,0
data-0240-0000.pt,data-0240-0000.pt,1.58887637257576,0.38047032952308657,1.5688321053981782,1
data-0240-0001.pt,data-0240-0001.pt,1.5581067144870757,0.6123586297035217,0.4051381051540375,1
data-0240-0002.pt,data-0240-0002.pt,0.9143574804067611,-0.08373226722081502,1.1556545694669087,2
data-0240-0003.pt,data-0240-0003.pt,0.6114532828330994,0.23480499803554267,0.9499797344207763,0
data-0241-0000.pt,data-0241-0000.pt,1.3966216802597047,0.3780259847640991,0.5110258892178535,1
data-0241-0001.pt,data-0241-0001.pt,1.5155664801597595,1.0938760131597518,0.49738896638154984,1
data-0241-0002.pt,data-0241-0002.pt,1.519466084241867,1.3680945873260497,0.3999529093503952,1
data-0241-0003.pt,data-0241-0003.pt,1.333997094631195,1.3612603445847828,0.5228097885847092,1
data-0242-0000.pt,data-0242-0000.pt,1.7882613480091094,1.0101381957530975,0.5017411664128304,1
data-0242-0001.pt,data-0242-0001.pt,1.3601343661546708,0.700212188065052,0.4940429046750069,1
data-0242-0002.pt,data-0242-0002.pt,0.6556206852197647,0.2534020356833935,1.0935213997960092,0
data-0242-0003.pt,data-0242-0003.pt,0.7662272691726685,-0.023317956225946547,1.9533425569534302,2
data-0244-0000.pt,data-0244-0000.pt,0.9099456951022148,0.29894388243556025,1.5175474882125854,2
data-0244-0001.pt,data-0244-0001.pt,1.0620222359895706,0.34174932856112716,2.8424782156944275,2
data-0244-0002.pt,data-0244-0002.pt,1.4113196849822998,-0.21902681477367877,2.53769268989563,1
data-0244-0003.pt,data-0244-0003.pt,1.3760877192020415,-0.4971179239451885,2.1828004896640776,1
data-0246-0000.pt,data-0246-0000.pt,0.9424340158700943,-0.42112466543912885,0.669812586903572,0
data-0246-0001.pt,data-0246-0001.pt,0.7567647278308869,-0.2740681365132332,0.6465354889631272,0
data-0246-0002.pt,data-0246-0002.pt,0.683513468503952,-0.37185570001602175,0.48315550237894056,0
data-0246-0003.pt,data-0246-0003.pt,0.5493399858474731,-0.38903075754642485,0.5726682275533677,0
data-0249-0000.pt,data-0249-0000.pt,0.752798056602478,-0.01320217028260231,0.4201385825872421,0
data-0249-0001.pt,data-0249-0001.pt,0.9048807770013809,0.01908593362895772,0.5608424991369247,0
data-0249-0002.pt,data-0249-0002.pt,0.7853764295578003,0.230952375382185,0.546700718998909,0
data-0249-0003.pt,data-0249-0003.pt,0.7294170528650283,0.2385874643921852,0.5071931913495064,0
data-0250-0000.pt,data-0250-0000.pt,0.7058625617995858,0.0,0.0,0
data-0250-0001.pt,data-0250-0001.pt,0.17331226440146566,0.0,0.0,0
data-0250-0002.pt,data-0250-0002.pt,0.5253847011364996,0.0,0.0,0
data-0250-0003.pt,data-0250-0003.pt,0.5530409060418606,0.0,0.0,0
data-0251-0000.pt,data-0251-0000.pt,1.918994802236557,0.41378346681594846,0.3008121021091938,1
data-0251-0001.pt,data-0251-0001.pt,1.9574275612831116,0.28737914860248565,0.4130545720458031,1
data-0251-0002.pt,data-0251-0002.pt,1.8853852808475495,0.13535237815231085,0.43887104392051696,1
data-0251-0003.pt,data-0251-0003.pt,1.8975930273532868,0.1841853491961956,0.1729957593139261,1
data-0253-0000.pt,data-0253-0000.pt,0.952390867471695,-0.09341567847877741,1.0040939062833787,2
data-0253-0001.pt,data-0253-0001.pt,1.147098070383072,0.07936179773350886,1.3678919553756714,1
data-0253-0002.pt,data-0253-0002.pt,1.2749144554138183,-0.000316308718174696,1.276318573951721,1
data-0253-0003.pt,data-0253-0003.pt,1.2373774766921997,0.04880415964871645,1.3302431643009185,1
data-0255-0000.pt,data-0255-0000.pt,0.42985372990369797,0.7503946373860041,2.9412556224399142,0
data-0255-0001.pt,data-0255-0001.pt,0.8210430145263672,-0.31861008335836233,3.031657874584198,2
data-0255-0002.pt,data-0255-0002.pt,1.4261446714401245,1.0469027672495161,3.5485804762159074,1
data-0255-0003.pt,data-0255-0003.pt,1.4808535695075988,0.0,0.0,1
data-0258-0000.pt,data-0258-0000.pt,0.8946526259183883,-0.024423921084962785,0.7799231439828873,0
data-0258-0001.pt,data-0258-0001.pt,0.8510327577590943,-0.0803962362871971,0.5824850842356681,0
data-0258-0002.pt,data-0258-0002.pt,0.7832760691642762,-0.07206546445377171,0.4223692387342453,0
data-0258-0003.pt,data-0258-0003.pt,0.803517970442772,-0.00021651060960721226,0.4155054822564125,0
data-0261-0000.pt,data-0261-0000.pt,1.036992883682251,0.41362752600107344,2.1170298039913176,2
data-0261-0001.pt,data-0261-0001.pt,0.7214180022478104,0.12980089250486343,0.9226832270622254,2
data-0261-0002.pt,data-0261-0002.pt,0.6178170502185821,-0.3104518541134894,0.7743853494524956,0
data-0261-0003.pt,data-0261-0003.pt,0.7187090367078781,-0.43371200412511823,0.347407141327858,0
data-0262-0000.pt,data-0262-0000.pt,1.2023972153663636,0.1003226911649108,2.244251638650894,1
data-0262-0001.pt,data-0262-0001.pt,1.320527333021164,-0.25275475103408096,2.6496718287467957,1
data-0262-0002.pt,data-0262-0002.pt,1.1285107612609864,-0.1399288007989526,2.444169211387634,2
data-0262-0003.pt,data-0262-0003.pt,0.5416598454117775,0.8047663781791925,0.9754551097750663,0
data-0269-0000.pt,data-0269-0000.pt,1.7163484692573547,0.0,0.0,1
data-0269-0001.pt,data-0269-0001.pt,1.1249556332826613,0.4070504195988178,1.3946199715137482,2
data-0269-0002.pt,data-0269-0002.pt,0.8294816672801971,0.0799114964902401,2.2734209384237016,2
data-0269-0003.pt,data-0269-0003.pt,0.6452120319008827,0.0,0.0,0
data-0270-0000.pt,data-0270-0000.pt,0.7847699970006943,-0.022275380534119905,0.38801087588071825,0
data-0270-0001.pt,data-0270-0001.pt,0.7529699206352234,0.04958902392536402,0.4532482296228409,0
data-0270-0002.pt,data-0270-0002.pt,0.7835516631603241,-0.07811851212754846,0.38542538285255434,0
data-0270-0003.pt,data-0270-0003.pt,0.7971161454916,0.10384319126605987,0.42199848890304564,0
data-0271-0000.pt,data-0271-0000.pt,0.8206043660640716,-0.5077405631542206,0.3978272289037704,0
data-0271-0001.pt,data-0271-0001.pt,0.8206059217453003,-0.5078743189573288,0.39782723486423494,0
data-0271-0002.pt,data-0271-0002.pt,0.7609831541776657,-0.4498463854193687,0.4177822083234787,0
data-0271-0003.pt,data-0271-0003.pt,0.5582483828067779,-0.19163263402879238,0.8696526050567627,0
data-0272-0000.pt,data-0272-0000.pt,1.2318320631980897,0.0,0.0,1
data-0272-0001.pt,data-0272-0001.pt,1.4460124731063844,0.04626465801681791,3.241662893976484,1
data-0272-0002.pt,data-0272-0002.pt,1.548303884267807,0.5871603146195412,2.0274571657180784,1
data-0272-0003.pt,data-0272-0003.pt,1.0512833207845689,0.28060856646625326,0.30322206690907477,0
data-0273-0000.pt,data-0273-0000.pt,0.992575466632843,1.0374097898602486,1.7399841845035553,2
data-0273-0001.pt,data-0273-0001.pt,0.8206415176391602,0.0,0.0,0
data-0273-0002.pt,data-0273-0002.pt,0.8206415176391602,0.0,0.0,0
data-0273-0003.pt,data-0273-0003.pt,0.8206415176391602,0.0,0.0,0
data-0274-0000.pt,data-0274-0000.pt,0.9793114721775055,0.0336418733058963,1.2884513556957244,2
data-0274-0001.pt,data-0274-0001.pt,1.2655082583427428,0.07013027360662819,1.6241019546985627,1
data-0274-0002.pt,data-0274-0002.pt,1.120611983537674,0.14964103810489177,1.5117657124996184,2
data-0274-0003.pt,data-0274-0003.pt,1.0605445861816407,0.2344502743333578,1.5847226798534393,2
data-0275-0000.pt,data-0275-0000.pt,1.3827052295207978,0.15030472297221423,2.134778904914856,1
data-0275-0001.pt,data-0275-0001.pt,1.4088953137397766,-0.40939670503139497,0.7945420295000076,1
data-0275-0002.pt,data-0275-0002.pt,1.5181771755218505,-0.00012040226720273494,0.9675962328910828,1
data-0275-0003.pt,data-0275-0003.pt,1.4447304010391235,-0.45071530155837536,1.2132990583777428,1
data-0276-0000.pt,data-0276-0000.pt,1.7168513894081117,-0.0867415202781558,3.1125038623809815,1
data-0276-0001.pt,data-0276-0001.pt,1.490193146467209,0.2801365412771702,1.7992869943380356,1
data-0276-0002.pt,data-0276-0002.pt,1.2002566874027252,-0.7987454563379288,0.4529347985982895,1
data-0276-0003.pt,data-0276-0003.pt,0.7706296294927597,-0.721979446336627,0.5866095528006554,0
data-0277-0000.pt,data-0277-0000.pt,0.16120409512659534,0.0,0.0,0
data-0277-0001.pt,data-0277-0001.pt,0.8900293978777799,0.0,0.0,0
data-0277-0002.pt,data-0277-0002.pt,1.568472719192505,0.0,0.0,1
data-0277-0003.pt,data-0277-0003.pt,1.8491783261299133,0.0,0.0,1
data-0278-0000.pt,data-0278-0000.pt,1.1146319091320038,-0.346834153868258,0.9891048014163971,2
data-0278-0001.pt,data-0278-0001.pt,1.213189160823822,-0.06435144073329865,1.449630606174469,1
data-0278-0002.pt,data-0278-0002.pt,1.0326137036085128,-0.034209150553215294,1.6381371915340424,2
data-0278-0003.pt,data-0278-0003.pt,0.9392871648073197,-0.29527953937649726,1.2204348862171173,2
data-0279-0000.pt,data-0279-0000.pt,0.8789471358060836,-0.078341362811625,0.6820568561553955,0
data-0279-0001.pt,data-0279-0001.pt,0.8759931594133377,-0.10900003500282765,0.7233923763036728,0
data-0279-0002.pt,data-0279-0002.pt,0.7616696387529374,-0.08486072020605206,0.505831703543663,0
data-0279-0003.pt,data-0279-0003.pt,0.7661338925361634,-0.14318250715732575,0.5771225467324257,0
data-0280-0000.pt,data-0280-0000.pt,1.5272906363010406,0.28780141114257274,1.8496809691190719,1
data-0280-0001.pt,data-0280-0001.pt,1.1315527081489563,-0.03592663407325745,0.7986899212002754,1
data-0280-0002.pt,data-0280-0002.pt,0.8803935497999191,0.26848848164081573,1.0069325536489486,2
data-0280-0003.pt,data-0280-0003.pt,0.738436472415924,-0.000814148597419262,0.6080647200345993,0
data-0281-0000.pt,data-0281-0000.pt,0.5822767525911331,-0.256099322065711,0.43524482399225234,0
data-0281-0001.pt,data-0281-0001.pt,0.865558372437954,-0.060907373216468844,1.2570229202508927,2
data-0281-0002.pt,data-0281-0002.pt,1.1271453469991684,-0.12410836585331708,1.7411018490791321,2
data-0281-0003.pt,data-0281-0003.pt,0.8426966845989228,-0.07956138025037944,1.4742732107639314,2
data-0285-0000.pt,data-0285-0000.pt,0.8093437343835831,-0.06995745039312169,0.997386771440506,2
data-0285-0001.pt,data-0285-0001.pt,0.8359577566385269,0.0851210062392056,0.9819907188415528,2
data-0285-0002.pt,data-0285-0002.pt,1.0237607210874557,0.17734381183981895,1.413675171136856,2
data-0285-0003.pt,data-0285-0003.pt,0.9437027305364609,0.058317348279524596,1.265213030576706,2
data-0286-0000.pt,data-0286-0000.pt,0.8218060880899429,0.2997247874736786,1.2499661505222321,2
data-0286-0001.pt,data-0286-0001.pt,1.2135574519634247,0.3131265856325626,1.8202767848968506,1
data-0286-0002.pt,data-0286-0002.pt,1.274509423971176,0.19095307514071463,2.1164333701133726,1
data-0286-0003.pt,data-0286-0003.pt,1.3184261798858643,0.1426055007847026,2.0015134871006013,1
data-0287-0000.pt,data-0287-0000.pt,1.4984410405158997,-0.6979773752391338,2.6435646414756775,1
data-0287-0001.pt,data-0287-0001.pt,2.07282817363739,0.0,0.0,1
data-0287-0002.pt,data-0287-0002.pt,1.8233601868152618,-0.8650999665260315,0.3978271484375,1
data-0287-0003.pt,data-0287-0003.pt,1.172764426469803,-0.864009216427803,0.3978271484375,1
data-0289-0000.pt,data-0289-0000.pt,0.6969345569610595,-0.20538179787108674,0.8038301438093185,0
data-0289-0001.pt,data-0289-0001.pt,0.7398227751255035,-0.7842827498912811,0.4252918154001236,0
data-0289-0002.pt,data-0289-0002.pt,0.5885572969913483,-0.7312016397714615,0.4725624084472656,0
data-0289-0003.pt,data-0289-0003.pt,0.43324401825666425,-0.11065103893633932,0.8561927616596222,0
data-0291-0000.pt,data-0291-0000.pt,0.7249875009059906,0.002225426938093733,0.3893688261508942,0
data-0291-0001.pt,data-0291-0001.pt,0.7344683289527894,-0.2609966633841395,0.3722000792622566,0
data-0291-0002.pt,data-0291-0002.pt,0.8221667826175689,-0.3126852311193943,0.4968221679329872,0
data-0291-0003.pt,data-0291-0003.pt,0.9100677877664566,-0.13244954110123217,0.7665375173091888,0
data-0292-0000.pt,data-0292-0000.pt,0.9088843584060669,0.22860175669193267,1.69890398979187,2
data-0292-0001.pt,data-0292-0001.pt,0.7499173194169998,0.24460663497447968,1.5283644855022431,2
data-0292-0002.pt,data-0292-0002.pt,0.6747132956981658,0.002207422361243516,1.2439857244491577,0
data-0292-0003.pt,data-0292-0003.pt,0.7322230249643326,0.03729574540629983,0.9955548495054245,2
data-0294-0000.pt,data-0294-0000.pt,1.1007963120937347,0.0,0.0,0
data-0294-0001.pt,data-0294-0001.pt,0.31821489334106445,0.0,0.0,0
data-0294-0002.pt,data-0294-0002.pt,0.43883562833070755,0.0,0.0,0
data-0294-0003.pt,data-0294-0003.pt,0.6067848423495888,0.0,0.0,0
data-0297-0000.pt,data-0297-0000.pt,1.0080317944288253,0.1379661586135626,1.5242646872997283,2
data-0297-0001.pt,data-0297-0001.pt,0.8993707567453384,-0.031154372869059442,0.9086359351873398,2
data-0297-0002.pt,data-0297-0002.pt,0.7070748686790467,0.09345497494796291,0.4402002960443497,0
data-0297-0003.pt,data-0297-0003.pt,0.8205895751714707,0.12787449210882187,0.3977992504835129,0
data-0298-0000.pt,data-0298-0000.pt,0.7284691661596299,-0.35417584925889967,0.500218853354454,0
data-0298-0001.pt,data-0298-0001.pt,0.6958767801523209,-0.2506320886313915,0.4712798908352852,0
data-0298-0002.pt,data-0298-0002.pt,0.8009684234857559,-0.1676355954259634,0.48168759047985077,0
data-0298-0003.pt,data-0298-0003.pt,0.8781644612550735,-0.2091975726187229,0.49025936871767045,0
data-0300-0000.pt,data-0300-0000.pt,0.5494390726089478,0.09073305861675181,0.46794531047344207,0
data-0300-0001.pt,data-0300-0001.pt,0.4316594362258911,0.23790294006466867,0.7135136187076568,0
data-0300-0002.pt,data-0300-0002.pt,0.637656892836094,0.558542466477344,0.6016630122536107,0
data-0300-0003.pt,data-0300-0003.pt,1.0091152012348175,0.9451479643583298,0.573409016430378,0
data-0303-0000.pt,data-0303-0000.pt,0.8636982172727585,-1.125469559431076,0.45388258099555967,0
data-0303-0001.pt,data-0303-0001.pt,1.2592297971248627,-0.17484597712755204,0.6399769157171249,1
data-0303-0002.pt,data-0303-0002.pt,1.740424484014511,0.3062724582850933,1.4617200076580048,1
data-0303-0003.pt,data-0303-0003.pt,1.8159239888191223,0.21123602613806725,1.1593251287937165,1
data-0305-0000.pt,data-0305-0000.pt,1.0241385698318481,0.0,0.0,0
data-0305-0001.pt,data-0305-0001.pt,0.774711737036705,0.0,0.0,0
data-0305-0002.pt,data-0305-0002.pt,0.6017014384269714,1.6871801018714905,1.0660356283187866,0
data-0305-0003.pt,data-0305-0003.pt,0.587906701862812,0.5747378407861106,0.9203913003206253,0
data-0307-0000.pt,data-0307-0000.pt,0.6557036697864532,0.28338556587696073,1.3894176065921784,0
data-0307-0001.pt,data-0307-0001.pt,0.6193053871393204,0.05784917161217891,0.9779172092676163,0
data-0307-0002.pt,data-0307-0002.pt,0.6566540449857712,0.014241126482374966,0.5330007463693619,0
data-0307-0003.pt,data-0307-0003.pt,0.7234191566705703,-0.03154965452849865,0.46296232044696806,0
data-0309-0000.pt,data-0309-0000.pt,0.8451972067356109,0.09000407767016441,0.7479803115129471,0
data-0309-0001.pt,data-0309-0001.pt,0.9715704083442688,0.10684244013391435,0.7580940842628479,0
data-0309-0002.pt,data-0309-0002.pt,0.9347593665122986,0.1302588287740946,0.9073507219552994,2
data-0309-0003.pt,data-0309-0003.pt,0.7609671294689179,0.07622273936867714,0.6995986759662628,0
data-0311-0000.pt,data-0311-0000.pt,0.8917866945266724,-0.3459486834704876,1.8063153803348542,2
data-0311-0001.pt,data-0311-0001.pt,0.8672222256660461,-0.5418294344097376,2.0176925480365755,2
data-0311-0002.pt,data-0311-0002.pt,0.8334550112485886,0.8750269817454475,2.5002192429133823,2
data-0311-0003.pt,data-0311-0003.pt,1.3971179276704788,0.0,0.0,1
data-0313-0000.pt,data-0313-0000.pt,1.323090809583664,0.7499758705496788,1.7927057892084122,1
data-0313-0001.pt,data-0313-0001.pt,1.4183546960353852,1.0226234287023543,1.6781605295836926,1
data-0313-0002.pt,data-0313-0002.pt,1.411599737405777,1.5775960683822632,0.2530129849910736,1
data-0313-0003.pt,data-0313-0003.pt,1.705958789587021,0.0,0.0,1
data-0315-0000.pt,data-0315-0000.pt,0.5277186259627342,0.45768256932497026,1.4597672760486602,0
data-0315-0001.pt,data-0315-0001.pt,1.117579284310341,0.9148467421531677,1.6570518851280212,2
data-0315-0002.pt,data-0315-0002.pt,1.8437150120735168,-0.07304376363754272,0.47944989800453186,1
data-0315-0003.pt,data-0315-0003.pt,2.2087199330329894,-1.079893791361859,2.789002133043189,1
data-0317-0000.pt,data-0317-0000.pt,0.7346423923969269,-0.0003623594355303794,0.6144189909100533,0
data-0317-0001.pt,data-0317-0001.pt,0.6236287385225296,0.06102497974206926,0.4448755383491516,0
data-0317-0002.pt,data-0317-0002.pt,0.7652907848358155,-0.03999014808796346,0.39989841133356097,0
data-0317-0003.pt,data-0317-0003.pt,0.7622954189777374,-0.00371578275662614,0.8682940855622292,0
data-0318-0000.pt,data-0318-0000.pt,1.7755593955516815,0.21314871460199356,0.6931287094950676,1
data-0318-0001.pt,data-0318-0001.pt,1.7064029455184937,0.12699998328462242,3.03084956407547,1
data-0318-0002.pt,data-0318-0002.pt,1.8983229637145995,-0.07704998143017291,3.687319004535675,1
data-0318-0003.pt,data-0318-0003.pt,1.5781253457069397,0.2372353386133909,2.407728922367096,1
data-0319-0000.pt,data-0319-0000.pt,0.7779473274946213,0.1303195606917143,0.9355351805686951,2
data-0319-0001.pt,data-0319-0001.pt,0.9598568826913834,0.036116620246320966,1.1201952785253524,2
data-0319-0002.pt,data-0319-0002.pt,0.8856404691934585,-0.12987694032490255,0.960200873017311,2
data-0319-0003.pt,data-0319-0003.pt,0.8057137846946716,-0.04526146406424232,0.7814197957515716,0
data-0320-0000.pt,data-0320-0000.pt,1.675438791513443,0.0,0.0,1
data-0320-0001.pt,data-0320-0001.pt,1.7669644355773926,-0.2935021170056783,3.9544089207282433,1
data-0320-0002.pt,data-0320-0002.pt,1.7198653399944306,0.3492032264669736,3.951433155271742,1
data-0320-0003.pt,data-0320-0003.pt,1.516904479265213,0.0,0.0,1
data-0321-0000.pt,data-0321-0000.pt,0.7012730360031127,-0.46590540558099747,0.4214194640517235,0
data-0321-0001.pt,data-0321-0001.pt,0.43704167753458023,-0.06964742626296357,0.875654074549675,0
data-0321-0002.pt,data-0321-0002.pt,0.6360003322362899,-0.17218074728734792,1.6024202167987824,0
data-0321-0003.pt,data-0321-0003.pt,0.9256018280982972,0.14651465643546543,1.8009007751941681,2
data-0322-0000.pt,data-0322-0000.pt,1.011546802520752,-0.025347861531190573,0.874336662888527,2
data-0322-0001.pt,data-0322-0001.pt,0.8053494036197663,-0.003876817526179366,0.6658052504062653,0
data-0322-0002.pt,data-0322-0002.pt,0.8523518681526184,0.10436485745012761,1.3254141956567764,2
data-0322-0003.pt,data-0322-0003.pt,1.0583579778671264,0.17435567141510547,1.8541716814041138,2
data-0324-0000.pt,data-0324-0000.pt,0.7108202099800109,0.1738951675593853,0.9030243515968323,0
data-0324-0001.pt,data-0324-0001.pt,0.557567909359932,0.1575707711279392,0.6828564405441284,0
data-0324-0002.pt,data-0324-0002.pt,0.6797256141901016,0.21653950214385986,0.6957078665494919,0
data-0324-0003.pt,data-0324-0003.pt,0.7497410356998444,0.08900644835084677,0.7039226174354554,0
data-0327-0000.pt,data-0327-0000.pt,0.8725414901971817,0.5331621512770652,1.4314779877662658,2
data-0327-0001.pt,data-0327-0001.pt,0.6645765960216522,0.27711368538439274,1.1053759038448334,0
data-0327-0002.pt,data-0327-0002.pt,0.7043827921152115,-0.07012148170033469,0.8722089350223541,0
data-0327-0003.pt,data-0327-0003.pt,0.8276430994272232,-0.12580916443839668,0.8318352401256561,0
data-0331-0000.pt,data-0331-0000.pt,0.7335683524608612,-0.019544274546205997,0.5348858147859573,0
data-0331-0001.pt,data-0331-0001.pt,0.6195422261953354,-0.03171163970546331,0.8968232035636902,0
data-0331-0002.pt,data-0331-0002.pt,0.6417126804590225,-0.02639170465990901,1.1128258526325225,0
data-0331-0003.pt,data-0331-0003.pt,0.6974561333656311,0.05120970678981394,1.3808190464973449,0
data-0336-0000.pt,data-0336-0000.pt,0.8328113555908203,-0.19513159920461476,1.1994963318109513,2
data-0336-0001.pt,data-0336-0001.pt,0.7406152129173279,0.024369072762783616,0.8109641999006272,0
data-0336-0002.pt,data-0336-0002.pt,0.7706967562437057,-0.023957432061433793,0.814053800702095,0
data-0336-0003.pt,data-0336-0003.pt,0.8222596853971481,-0.261345087736845,0.7282918363809585,0
data-0338-0000.pt,data-0338-0000.pt,0.989313930273056,0.28290272429585456,1.1394930183887482,2
data-0338-0001.pt,data-0338-0001.pt,1.1227118253707886,-0.10378105530980974,1.5144183695316316,2
data-0338-0002.pt,data-0338-0002.pt,1.2345505356788635,-0.13347928188741207,1.2141373962163926,1
data-0338-0003.pt,data-0338-0003.pt,1.3665269136428833,-0.06778805406065658,1.2026723861694335,1
data-0339-0000.pt,data-0339-0000.pt,0.8153553277254104,-0.29950356781482695,0.3960707262158394,0
data-0339-0001.pt,data-0339-0001.pt,0.7802361100912094,-0.3375736400485039,0.3994665637612343,0
data-0339-0002.pt,data-0339-0002.pt,0.7137657463550567,-0.1441085020080209,0.859770841896534,0
data-0339-0003.pt,data-0339-0003.pt,1.0593591392040254,0.02200990468263626,1.8986030519008636,2
