dataset,variant,repeat,seed,watermark_pct,chain_extension,global_chain_len,target_chain_len,is_binary,num_watermarked,num_verification,benign_test_acc,watermarked_test_acc,accuracy_drop,reference_benign_avg_confidence,reference_watermarked_avg_confidence,reference_suspect_avg_confidence,reference_suspect_minus_benign_confidence,reference_suspect_minus_watermarked_confidence,control_benign_avg_confidence,control_watermarked_avg_confidence,control_suspect_avg_confidence,control_suspect_minus_benign_confidence,control_suspect_minus_watermarked_confidence
PROTEINS,subtle,0,3042266331,0.05,1,8,9,False,55,50,0.7143,0.6312,0.083,0.7575840544700623,0.7820651960372925,0.7820651960372925,0.024481141567230247,0.0,0.7575840544700623,0.7820651960372925,0.7575840544700623,0.0,-0.024481141567230247
PROTEINS,subtle,0,3042266331,0.05,3,8,11,False,55,50,0.7143,0.6625,0.0518,0.766806207895279,0.776073499917984,0.776073499917984,0.009267292022705043,0.0,0.766806207895279,0.776073499917984,0.766806207895279,0.0,-0.009267292022705043
PROTEINS,subtle,0,3042266331,0.05,5,8,13,False,55,50,0.7143,0.6438,0.0705,0.7723389959335327,0.7373445999622344,0.7373445999622344,-0.034994395971298276,0.0,0.7723389959335327,0.7373445999622344,0.7723389959335327,0.0,0.034994395971298276
PROTEINS,subtle,0,3042266331,0.05,10,8,18,False,55,50,0.7143,0.6312,0.083,0.796266725063324,0.7943424654006958,0.7943424654006958,-0.0019242596626282138,0.0,0.796266725063324,0.7943424654006958,0.796266725063324,0.0,0.0019242596626282138
PROTEINS,subtle,0,3042266331,0.05,20,8,28,False,55,50,0.7143,0.6625,0.0518,0.8254100382328033,0.8739372110366821,0.8739372110366821,0.04852717280387875,0.0,0.8254100382328033,0.8739372110366821,0.8254100382328033,0.0,-0.04852717280387875
PROTEINS,subtle,0,3042266331,0.1,1,8,9,False,111,50,0.7143,0.6821,0.0322,0.7575840544700623,0.7380515599250793,0.7380515599250793,-0.01953249454498296,0.0,0.7575840544700623,0.7380515599250793,0.7575840544700623,0.0,0.01953249454498296
PROTEINS,subtle,0,3042266331,0.1,3,8,11,False,111,50,0.7143,0.6623,0.052,0.766806207895279,0.7351023626327514,0.7351023626327514,-0.031703845262527564,0.0,0.766806207895279,0.7351023626327514,0.766806207895279,0.0,0.031703845262527564
PROTEINS,subtle,0,3042266331,0.1,5,8,13,False,111,50,0.7143,0.7152,-0.0009,0.7723389959335327,0.7310215413570404,0.7310215413570404,-0.041317454576492274,0.0,0.7723389959335327,0.7310215413570404,0.7723389959335327,0.0,0.041317454576492274
PROTEINS,subtle,0,3042266331,0.1,10,8,18,False,111,50,0.7143,0.6821,0.0322,0.796266725063324,0.7760657739639282,0.7760657739639282,-0.020200951099395792,0.0,0.796266725063324,0.7760657739639282,0.796266725063324,0.0,0.020200951099395792
PROTEINS,subtle,0,3042266331,0.1,20,8,28,False,111,50,0.7143,0.6689,0.0454,0.8254100382328033,0.8052293837070466,0.8052293837070466,-0.02018065452575679,0.0,0.8254100382328033,0.8052293837070466,0.8254100382328033,0.0,0.02018065452575679
PROTEINS,subtle,0,3042266331,0.2,1,8,9,False,222,50,0.7143,0.6741,0.0402,0.7575840544700623,0.7397045350074768,0.7397045350074768,-0.01787951946258548,0.0,0.7575840544700623,0.7397045350074768,0.7575840544700623,0.0,0.01787951946258548
PROTEINS,subtle,0,3042266331,0.2,3,8,11,False,222,50,0.7143,0.6074,0.1069,0.766806207895279,0.7120528149604798,0.7120528149604798,-0.054753392934799194,0.0,0.766806207895279,0.7120528149604798,0.766806207895279,0.0,0.054753392934799194
PROTEINS,subtle,0,3042266331,0.2,5,8,13,False,222,50,0.7143,0.6444,0.0698,0.7723389959335327,0.7198873043060303,0.7198873043060303,-0.052451691627502406,0.0,0.7723389959335327,0.7198873043060303,0.7723389959335327,0.0,0.052451691627502406
PROTEINS,subtle,0,3042266331,0.2,10,8,18,False,222,50,0.7143,0.637,0.0772,0.796266725063324,0.7348913204669952,0.7348913204669952,-0.06137540459632873,0.0,0.796266725063324,0.7348913204669952,0.796266725063324,0.0,0.06137540459632873
PROTEINS,subtle,0,3042266331,0.2,20,8,28,False,222,50,0.7143,0.4889,0.2254,0.8254100382328033,0.7093706095218658,0.7093706095218658,-0.11603942871093753,0.0,0.8254100382328033,0.7093706095218658,0.8254100382328033,0.0,0.11603942871093753
PROTEINS,subtle,0,3042266331,0.3,1,8,9,False,333,50,0.7143,0.6923,0.022,0.7575840544700623,0.7262591755390168,0.7262591755390168,-0.03132487893104552,0.0,0.7575840544700623,0.7262591755390168,0.7575840544700623,0.0,0.03132487893104552
PROTEINS,subtle,0,3042266331,0.3,3,8,11,False,333,50,0.7143,0.5641,0.1502,0.766806207895279,0.7282252705097199,0.7282252705097199,-0.03858093738555912,0.0,0.766806207895279,0.7282252705097199,0.766806207895279,0.0,0.03858093738555912
PROTEINS,subtle,0,3042266331,0.3,5,8,13,False,333,50,0.7143,0.7265,-0.0122,0.7723389959335327,0.6998354864120483,0.6998354864120483,-0.07250350952148443,0.0,0.7723389959335327,0.6998354864120483,0.7723389959335327,0.0,0.07250350952148443
PROTEINS,subtle,0,3042266331,0.3,10,8,18,False,333,50,0.7143,0.7179,-0.0037,0.796266725063324,0.7808827137947083,0.7808827137947083,-0.01538401126861566,0.0,0.796266725063324,0.7808827137947083,0.796266725063324,0.0,0.01538401126861566
PROTEINS,subtle,0,3042266331,0.3,20,8,28,False,333,50,0.7143,0.6923,0.022,0.8254100382328033,0.6980112397670746,0.6980112397670746,-0.12739879846572877,0.0,0.8254100382328033,0.6980112397670746,0.8254100382328033,0.0,0.12739879846572877
PROTEINS,subtle,1,30745808,0.05,1,8,9,False,55,50,0.7679,0.6687,0.0991,0.7659107649326324,0.7381823718547821,0.7381823718547821,-0.027728393077850355,0.0,0.7659107649326324,0.7381823718547821,0.7659107649326324,0.0,0.027728393077850355
PROTEINS,subtle,1,30745808,0.05,3,8,11,False,55,50,0.7679,0.675,0.0929,0.7736585032939911,0.7512699866294861,0.7512699866294861,-0.02238851666450503,0.0,0.7736585032939911,0.7512699866294861,0.7736585032939911,0.0,0.02238851666450503
PROTEINS,subtle,1,30745808,0.05,5,8,13,False,55,50,0.7679,0.675,0.0929,0.7866535067558289,0.7526295912265778,0.7526295912265778,-0.0340239155292511,0.0,0.7866535067558289,0.7526295912265778,0.7866535067558289,0.0,0.0340239155292511
PROTEINS,subtle,1,30745808,0.05,10,8,18,False,55,50,0.7679,0.6813,0.0866,0.798246910572052,0.7659232270717621,0.7659232270717621,-0.03232368350028991,0.0,0.798246910572052,0.7659232270717621,0.798246910572052,0.0,0.03232368350028991
PROTEINS,subtle,1,30745808,0.05,20,8,28,False,55,50,0.7679,0.7188,0.0491,0.8318265795707702,0.748407632112503,0.748407632112503,-0.08341894745826717,0.0,0.8318265795707702,0.748407632112503,0.8318265795707702,0.0,0.08341894745826717
PROTEINS,subtle,1,30745808,0.1,1,8,9,False,111,50,0.7679,0.6424,0.1255,0.7659107649326324,0.7792328131198883,0.7792328131198883,0.013322048187255908,0.0,0.7659107649326324,0.7792328131198883,0.7659107649326324,0.0,-0.013322048187255908
PROTEINS,subtle,1,30745808,0.1,3,8,11,False,111,50,0.7679,0.5894,0.1785,0.7736585032939911,0.7772289562225342,0.7772289562225342,0.0035704529285430775,0.0,0.7736585032939911,0.7772289562225342,0.7736585032939911,0.0,-0.0035704529285430775
PROTEINS,subtle,1,30745808,0.1,5,8,13,False,111,50,0.7679,0.6954,0.0725,0.7866535067558289,0.7763503170013428,0.7763503170013428,-0.010303189754486075,0.0,0.7866535067558289,0.7763503170013428,0.7866535067558289,0.0,0.010303189754486075
PROTEINS,subtle,1,30745808,0.1,10,8,18,False,111,50,0.7679,0.6424,0.1255,0.798246910572052,0.7887309384346008,0.7887309384346008,-0.009515972137451145,0.0,0.798246910572052,0.7887309384346008,0.798246910572052,0.0,0.009515972137451145
PROTEINS,subtle,1,30745808,0.1,20,8,28,False,111,50,0.7679,0.6689,0.099,0.8318265795707702,0.795718538761139,0.795718538761139,-0.03610804080963126,0.0,0.8318265795707702,0.795718538761139,0.8318265795707702,0.0,0.03610804080963126
PROTEINS,subtle,1,30745808,0.2,1,8,9,False,222,50,0.7679,0.6741,0.0938,0.7659107649326324,0.7620803117752075,0.7620803117752075,-0.003830453157424918,0.0,0.7659107649326324,0.7620803117752075,0.7659107649326324,0.0,0.003830453157424918
PROTEINS,subtle,1,30745808,0.2,3,8,11,False,222,50,0.7679,0.6667,0.1012,0.7736585032939911,0.7660602164268494,0.7660602164268494,-0.007598286867141701,0.0,0.7736585032939911,0.7660602164268494,0.7736585032939911,0.0,0.007598286867141701
PROTEINS,subtle,1,30745808,0.2,5,8,13,False,222,50,0.7679,0.6667,0.1012,0.7866535067558289,0.7730697500705719,0.7730697500705719,-0.01358375668525702,0.0,0.7866535067558289,0.7730697500705719,0.7866535067558289,0.0,0.01358375668525702
PROTEINS,subtle,1,30745808,0.2,10,8,18,False,222,50,0.7679,0.6593,0.1086,0.798246910572052,0.7574077677726746,0.7574077677726746,-0.04083914279937739,0.0,0.798246910572052,0.7574077677726746,0.798246910572052,0.0,0.04083914279937739
PROTEINS,subtle,1,30745808,0.2,20,8,28,False,222,50,0.7679,0.6815,0.0864,0.8318265795707702,0.7661688327789307,0.7661688327789307,-0.06565774679183956,0.0,0.8318265795707702,0.7661688327789307,0.8318265795707702,0.0,0.06565774679183956
PROTEINS,subtle,1,30745808,0.3,1,8,9,False,333,50,0.7679,0.6838,0.0841,0.7659107649326324,0.7762945163249969,0.7762945163249969,0.01038375139236447,0.0,0.7659107649326324,0.7762945163249969,0.7659107649326324,0.0,-0.01038375139236447
PROTEINS,subtle,1,30745808,0.3,3,8,11,False,333,50,0.7679,0.7265,0.0414,0.7736585032939911,0.7757736814022064,0.7757736814022064,0.0021151781082152654,0.0,0.7736585032939911,0.7757736814022064,0.7736585032939911,0.0,-0.0021151781082152654
PROTEINS,subtle,1,30745808,0.3,5,8,13,False,333,50,0.7679,0.7179,0.0499,0.7866535067558289,0.7710039639472961,0.7710039639472961,-0.015649542808532813,0.0,0.7866535067558289,0.7710039639472961,0.7866535067558289,0.0,0.015649542808532813
PROTEINS,subtle,1,30745808,0.3,10,8,18,False,333,50,0.7679,0.6667,0.1012,0.798246910572052,0.8061578166484833,0.8061578166484833,0.007910906076431301,0.0,0.798246910572052,0.8061578166484833,0.798246910572052,0.0,-0.007910906076431301
PROTEINS,subtle,1,30745808,0.3,20,8,28,False,333,50,0.7679,0.6923,0.0755,0.8318265795707702,0.7502493453025818,0.7502493453025818,-0.08157723426818841,0.0,0.8318265795707702,0.7502493453025818,0.8318265795707702,0.0,0.08157723426818841
PROTEINS,subtle,2,3787422175,0.05,1,8,9,False,55,50,0.6488,0.65,-0.0012,0.8498293423652649,0.78324373960495,0.78324373960495,-0.06658560276031489,0.0,0.8498293423652649,0.78324373960495,0.8498293423652649,0.0,0.06658560276031489
PROTEINS,subtle,2,3787422175,0.05,3,8,11,False,55,50,0.6488,0.6687,-0.0199,0.8610330951213837,0.789719762802124,0.789719762802124,-0.07131333231925974,0.0,0.8610330951213837,0.789719762802124,0.8610330951213837,0.0,0.07131333231925974
PROTEINS,subtle,2,3787422175,0.05,5,8,13,False,55,50,0.6488,0.6438,0.0051,0.87336390376091,0.7945949792861938,0.7945949792861938,-0.07876892447471617,0.0,0.87336390376091,0.7945949792861938,0.87336390376091,0.0,0.07876892447471617
PROTEINS,subtle,2,3787422175,0.05,10,8,18,False,55,50,0.6488,0.6562,-0.0074,0.9015020930767059,0.8214441692829132,0.8214441692829132,-0.08005792379379273,0.0,0.9015020930767059,0.8214441692829132,0.9015020930767059,0.0,0.08005792379379273
PROTEINS,subtle,2,3787422175,0.05,20,8,28,False,55,50,0.6488,0.6438,0.0051,0.9318789851665497,0.848123505115509,0.848123505115509,-0.08375548005104061,0.0,0.9318789851665497,0.848123505115509,0.9318789851665497,0.0,0.08375548005104061
PROTEINS,subtle,2,3787422175,0.1,1,8,9,False,111,50,0.6488,0.6424,0.0064,0.8498293423652649,0.8096420073509216,0.8096420073509216,-0.04018733501434324,0.0,0.8498293423652649,0.8096420073509216,0.8498293423652649,0.0,0.04018733501434324
PROTEINS,subtle,2,3787422175,0.1,3,8,11,False,111,50,0.6488,0.596,0.0528,0.8610330951213837,0.8155444467067718,0.8155444467067718,-0.045488648414611865,0.0,0.8610330951213837,0.8155444467067718,0.8610330951213837,0.0,0.045488648414611865
PROTEINS,subtle,2,3787422175,0.1,5,8,13,False,111,50,0.6488,0.6225,0.0263,0.87336390376091,0.82894247174263,0.82894247174263,-0.04442143201827997,0.0,0.87336390376091,0.82894247174263,0.87336390376091,0.0,0.04442143201827997
PROTEINS,subtle,2,3787422175,0.1,10,8,18,False,111,50,0.6488,0.6093,0.0395,0.9015020930767059,0.8561834168434143,0.8561834168434143,-0.045318676233291666,0.0,0.9015020930767059,0.8561834168434143,0.9015020930767059,0.0,0.045318676233291666
PROTEINS,subtle,2,3787422175,0.1,20,8,28,False,111,50,0.6488,0.596,0.0528,0.9318789851665497,0.8697188484668732,0.8697188484668732,-0.06216013669967646,0.0,0.9318789851665497,0.8697188484668732,0.9318789851665497,0.0,0.06216013669967646
PROTEINS,subtle,2,3787422175,0.2,1,8,9,False,222,50,0.6488,0.6741,-0.0253,0.8498293423652649,0.8256170177459716,0.8256170177459716,-0.024212324619293235,0.0,0.8498293423652649,0.8256170177459716,0.8498293423652649,0.0,0.024212324619293235
PROTEINS,subtle,2,3787422175,0.2,3,8,11,False,222,50,0.6488,0.6963,-0.0475,0.8610330951213837,0.8125492799282074,0.8125492799282074,-0.04848381519317635,0.0,0.8610330951213837,0.8125492799282074,0.8610330951213837,0.0,0.04848381519317635
PROTEINS,subtle,2,3787422175,0.2,5,8,13,False,222,50,0.6488,0.6741,-0.0253,0.87336390376091,0.7685840451717376,0.7685840451717376,-0.10477985858917238,0.0,0.87336390376091,0.7685840451717376,0.87336390376091,0.0,0.10477985858917238
PROTEINS,subtle,2,3787422175,0.2,10,8,18,False,222,50,0.6488,0.7185,-0.0697,0.9015020930767059,0.7990481746196747,0.7990481746196747,-0.10245391845703122,0.0,0.9015020930767059,0.7990481746196747,0.9015020930767059,0.0,0.10245391845703122
PROTEINS,subtle,2,3787422175,0.2,20,8,28,False,222,50,0.6488,0.7111,-0.0623,0.9318789851665497,0.7870658195018768,0.7870658195018768,-0.14481316566467284,0.0,0.9318789851665497,0.7870658195018768,0.9318789851665497,0.0,0.14481316566467284
PROTEINS,subtle,2,3787422175,0.3,1,8,9,False,333,50,0.6488,0.7179,-0.0691,0.8498293423652649,0.8191927778720856,0.8191927778720856,-0.030636564493179308,0.0,0.8498293423652649,0.8191927778720856,0.8498293423652649,0.0,0.030636564493179308
PROTEINS,subtle,2,3787422175,0.3,3,8,11,False,333,50,0.6488,0.7009,-0.052,0.8610330951213837,0.8303582298755646,0.8303582298755646,-0.030674865245819083,0.0,0.8610330951213837,0.8303582298755646,0.8610330951213837,0.0,0.030674865245819083
PROTEINS,subtle,2,3787422175,0.3,5,8,13,False,333,50,0.6488,0.7179,-0.0691,0.87336390376091,0.8162670838832855,0.8162670838832855,-0.057096819877624494,0.0,0.87336390376091,0.8162670838832855,0.87336390376091,0.0,0.057096819877624494
PROTEINS,subtle,2,3787422175,0.3,10,8,18,False,333,50,0.6488,0.7094,-0.0606,0.9015020930767059,0.8800726437568664,0.8800726437568664,-0.021429449319839478,0.0,0.9015020930767059,0.8800726437568664,0.9015020930767059,0.0,0.021429449319839478
PROTEINS,subtle,2,3787422175,0.3,20,8,28,False,333,50,0.6488,0.7607,-0.1119,0.9318789851665497,0.8256768202781677,0.8256768202781677,-0.10620216488838197,0.0,0.9318789851665497,0.8256768202781677,0.9318789851665497,0.0,0.10620216488838197
PROTEINS,subtle,3,475401701,0.05,1,8,9,False,55,50,0.6667,0.8125,-0.1458,0.7400817477703094,0.755639967918396,0.755639967918396,0.01555822014808661,0.0,0.7400817477703094,0.755639967918396,0.7400817477703094,0.0,-0.01555822014808661
PROTEINS,subtle,3,475401701,0.05,3,8,11,False,55,50,0.6667,0.7937,-0.1271,0.7470483124256134,0.7751593208312988,0.7751593208312988,0.028111008405685367,0.0,0.7470483124256134,0.7751593208312988,0.7470483124256134,0.0,-0.028111008405685367
PROTEINS,subtle,3,475401701,0.05,5,8,13,False,55,50,0.6667,0.7312,-0.0646,0.7550515151023864,0.8085861611366272,0.8085861611366272,0.05353464603424074,0.0,0.7550515151023864,0.8085861611366272,0.7550515151023864,0.0,-0.05353464603424074
PROTEINS,subtle,3,475401701,0.05,10,8,18,False,55,50,0.6667,0.7625,-0.0958,0.7733386051654816,0.8017669939994811,0.8017669939994811,0.028428388833999563,0.0,0.7733386051654816,0.8017669939994811,0.7733386051654816,0.0,-0.028428388833999563
PROTEINS,subtle,3,475401701,0.05,20,8,28,False,55,50,0.6667,0.7312,-0.0646,0.8045074391365051,0.8275131595134735,0.8275131595134735,0.023005720376968353,0.0,0.8045074391365051,0.8275131595134735,0.8045074391365051,0.0,-0.023005720376968353
PROTEINS,subtle,3,475401701,0.1,1,8,9,False,111,50,0.6667,0.7152,-0.0486,0.7400817477703094,0.7578141808509826,0.7578141808509826,0.017732433080673182,0.0,0.7400817477703094,0.7578141808509826,0.7400817477703094,0.0,-0.017732433080673182
PROTEINS,subtle,3,475401701,0.1,3,8,11,False,111,50,0.6667,0.7219,-0.0552,0.7470483124256134,0.761346994638443,0.761346994638443,0.014298682212829594,0.0,0.7470483124256134,0.761346994638443,0.7470483124256134,0.0,-0.014298682212829594
PROTEINS,subtle,3,475401701,0.1,5,8,13,False,111,50,0.6667,0.6755,-0.0088,0.7550515151023864,0.7714440155029297,0.7714440155029297,0.016392500400543297,0.0,0.7550515151023864,0.7714440155029297,0.7550515151023864,0.0,-0.016392500400543297
PROTEINS,subtle,3,475401701,0.1,10,8,18,False,111,50,0.6667,0.7152,-0.0486,0.7733386051654816,0.7590124607086182,0.7590124607086182,-0.014326144456863421,0.0,0.7733386051654816,0.7590124607086182,0.7733386051654816,0.0,0.014326144456863421
PROTEINS,subtle,3,475401701,0.1,20,8,28,False,111,50,0.6667,0.7086,-0.0419,0.8045074391365051,0.7641444432735444,0.7641444432735444,-0.04036299586296077,0.0,0.8045074391365051,0.7641444432735444,0.8045074391365051,0.0,0.04036299586296077
PROTEINS,subtle,3,475401701,0.2,1,8,9,False,222,50,0.6667,0.7037,-0.037,0.7400817477703094,0.6859989929199218,0.6859989929199218,-0.054082754850387604,0.0,0.7400817477703094,0.6859989929199218,0.7400817477703094,0.0,0.054082754850387604
PROTEINS,subtle,3,475401701,0.2,3,8,11,False,222,50,0.6667,0.7556,-0.0889,0.7470483124256134,0.6941091978549957,0.6941091978549957,-0.05293911457061773,0.0,0.7470483124256134,0.6941091978549957,0.7470483124256134,0.0,0.05293911457061773
PROTEINS,subtle,3,475401701,0.2,5,8,13,False,222,50,0.6667,0.7407,-0.0741,0.7550515151023864,0.6864160907268524,0.6864160907268524,-0.06863542437553405,0.0,0.7550515151023864,0.6864160907268524,0.7550515151023864,0.0,0.06863542437553405
PROTEINS,subtle,3,475401701,0.2,10,8,18,False,222,50,0.6667,0.7259,-0.0593,0.7733386051654816,0.6881469178199768,0.6881469178199768,-0.08519168734550475,0.0,0.7733386051654816,0.6881469178199768,0.7733386051654816,0.0,0.08519168734550475
PROTEINS,subtle,3,475401701,0.2,20,8,28,False,222,50,0.6667,0.7481,-0.0815,0.8045074391365051,0.6847046196460724,0.6847046196460724,-0.1198028194904327,0.0,0.8045074391365051,0.6847046196460724,0.8045074391365051,0.0,0.1198028194904327
PROTEINS,subtle,3,475401701,0.3,1,8,9,False,333,50,0.6667,0.7094,-0.0427,0.7400817477703094,0.6981790447235108,0.6981790447235108,-0.04190270304679866,0.0,0.7400817477703094,0.6981790447235108,0.7400817477703094,0.0,0.04190270304679866
PROTEINS,subtle,3,475401701,0.3,3,8,11,False,333,50,0.6667,0.7009,-0.0342,0.7470483124256134,0.6672769570350647,0.6672769570350647,-0.07977135539054869,0.0,0.7470483124256134,0.6672769570350647,0.7470483124256134,0.0,0.07977135539054869
PROTEINS,subtle,3,475401701,0.3,5,8,13,False,333,50,0.6667,0.7265,-0.0598,0.7550515151023864,0.6888230156898498,0.6888230156898498,-0.06622849941253661,0.0,0.7550515151023864,0.6888230156898498,0.7550515151023864,0.0,0.06622849941253661
PROTEINS,subtle,3,475401701,0.3,10,8,18,False,333,50,0.6667,0.7179,-0.0513,0.7733386051654816,0.6823271036148071,0.6823271036148071,-0.0910115015506745,0.0,0.7733386051654816,0.6823271036148071,0.7733386051654816,0.0,0.0910115015506745
PROTEINS,subtle,3,475401701,0.3,20,8,28,False,333,50,0.6667,0.6838,-0.0171,0.8045074391365051,0.7430759203433991,0.7430759203433991,-0.061431518793106044,0.0,0.8045074391365051,0.7430759203433991,0.8045074391365051,0.0,0.061431518793106044
PROTEINS,subtle,4,989744633,0.05,1,8,9,False,55,50,0.6726,0.7438,-0.0711,0.7781480944156647,0.7991864776611328,0.7991864776611328,0.02103838324546814,0.0,0.7781480944156647,0.7991864776611328,0.7781480944156647,0.0,-0.02103838324546814
PROTEINS,subtle,4,989744633,0.05,3,8,11,False,55,50,0.6726,0.7375,-0.0649,0.7834690022468567,0.8364748346805573,0.8364748346805573,0.053005832433700606,0.0,0.7834690022468567,0.8364748346805573,0.7834690022468567,0.0,-0.053005832433700606
PROTEINS,subtle,4,989744633,0.05,5,8,13,False,55,50,0.6726,0.7312,-0.0586,0.7899065673351288,0.8555976140499115,0.8555976140499115,0.06569104671478276,0.0,0.7899065673351288,0.8555976140499115,0.7899065673351288,0.0,-0.06569104671478276
PROTEINS,subtle,4,989744633,0.05,10,8,18,False,55,50,0.6726,0.7625,-0.0899,0.8058879482746124,0.8268865144252777,0.8268865144252777,0.02099856615066531,0.0,0.8058879482746124,0.8268865144252777,0.8058879482746124,0.0,-0.02099856615066531
PROTEINS,subtle,4,989744633,0.05,20,8,28,False,55,50,0.6726,0.75,-0.0774,0.8356510102748871,0.8516636753082275,0.8516636753082275,0.016012665033340423,0.0,0.8356510102748871,0.8516636753082275,0.8356510102748871,0.0,-0.016012665033340423
PROTEINS,subtle,4,989744633,0.1,1,8,9,False,111,50,0.6726,0.6887,-0.0161,0.7781480944156647,0.7839121639728546,0.7839121639728546,0.005764069557189888,0.0,0.7781480944156647,0.7839121639728546,0.7781480944156647,0.0,-0.005764069557189888
PROTEINS,subtle,4,989744633,0.1,3,8,11,False,111,50,0.6726,0.6887,-0.0161,0.7834690022468567,0.7960146880149841,0.7960146880149841,0.012545685768127424,0.0,0.7834690022468567,0.7960146880149841,0.7834690022468567,0.0,-0.012545685768127424
PROTEINS,subtle,4,989744633,0.1,5,8,13,False,111,50,0.6726,0.6556,0.017,0.7899065673351288,0.7884756231307983,0.7884756231307983,-0.001430944204330431,0.0,0.7899065673351288,0.7884756231307983,0.7899065673351288,0.0,0.001430944204330431
PROTEINS,subtle,4,989744633,0.1,10,8,18,False,111,50,0.6726,0.7152,-0.0426,0.8058879482746124,0.7835520589351654,0.7835520589351654,-0.022335889339446968,0.0,0.8058879482746124,0.7835520589351654,0.8058879482746124,0.0,0.022335889339446968
PROTEINS,subtle,4,989744633,0.1,20,8,28,False,111,50,0.6726,0.7285,-0.0559,0.8356510102748871,0.77639035820961,0.77639035820961,-0.059260652065277086,0.0,0.8356510102748871,0.77639035820961,0.8356510102748871,0.0,0.059260652065277086
PROTEINS,subtle,4,989744633,0.2,1,8,9,False,222,50,0.6726,0.7407,-0.0681,0.7781480944156647,0.770669870376587,0.770669870376587,-0.007478224039077719,0.0,0.7781480944156647,0.770669870376587,0.7781480944156647,0.0,0.007478224039077719
PROTEINS,subtle,4,989744633,0.2,3,8,11,False,222,50,0.6726,0.7778,-0.1052,0.7834690022468567,0.7700511586666107,0.7700511586666107,-0.013417843580246003,0.0,0.7834690022468567,0.7700511586666107,0.7834690022468567,0.0,0.013417843580246003
PROTEINS,subtle,4,989744633,0.2,5,8,13,False,222,50,0.6726,0.6519,0.0208,0.7899065673351288,0.7143410348892212,0.7143410348892212,-0.07556553244590758,0.0,0.7899065673351288,0.7143410348892212,0.7899065673351288,0.0,0.07556553244590758
PROTEINS,subtle,4,989744633,0.2,10,8,18,False,222,50,0.6726,0.7259,-0.0533,0.8058879482746124,0.7616249370574951,0.7616249370574951,-0.04426301121711729,0.0,0.8058879482746124,0.7616249370574951,0.8058879482746124,0.0,0.04426301121711729
PROTEINS,subtle,4,989744633,0.2,20,8,28,False,222,50,0.6726,0.7111,-0.0385,0.8356510102748871,0.7528978264331818,0.7528978264331818,-0.08275318384170527,0.0,0.8356510102748871,0.7528978264331818,0.8356510102748871,0.0,0.08275318384170527
PROTEINS,subtle,4,989744633,0.3,1,8,9,False,333,50,0.6726,0.7009,-0.0282,0.7781480944156647,0.7913303756713868,0.7913303756713868,0.013182281255722073,0.0,0.7781480944156647,0.7913303756713868,0.7781480944156647,0.0,-0.013182281255722073
PROTEINS,subtle,4,989744633,0.3,3,8,11,False,333,50,0.6726,0.6838,-0.0111,0.7834690022468567,0.780426355600357,0.780426355600357,-0.0030426466464996693,0.0,0.7834690022468567,0.780426355600357,0.7834690022468567,0.0,0.0030426466464996693
PROTEINS,subtle,4,989744633,0.3,5,8,13,False,333,50,0.6726,0.7009,-0.0282,0.7899065673351288,0.7687905967235565,0.7687905967235565,-0.02111597061157222,0.0,0.7899065673351288,0.7687905967235565,0.7899065673351288,0.0,0.02111597061157222
PROTEINS,subtle,4,989744633,0.3,10,8,18,False,333,50,0.6726,0.6752,-0.0026,0.8058879482746124,0.7748441302776337,0.7748441302776337,-0.03104381799697875,0.0,0.8058879482746124,0.7748441302776337,0.8058879482746124,0.0,0.03104381799697875
PROTEINS,subtle,4,989744633,0.3,20,8,28,False,333,50,0.6726,0.7094,-0.0368,0.8356510102748871,0.8006688463687897,0.8006688463687897,-0.03498216390609743,0.0,0.8356510102748871,0.8006688463687897,0.8356510102748871,0.0,0.03498216390609743
PROTEINS,subtle,5,1473307139,0.05,1,8,9,False,55,50,0.6607,0.7438,-0.083,0.7884297370910645,0.7882998859882355,0.7882998859882355,-0.0001298511028289262,0.0,0.7884297370910645,0.7882998859882355,0.7884297370910645,0.0,0.0001298511028289262
PROTEINS,subtle,5,1473307139,0.05,3,8,11,False,55,50,0.6607,0.65,0.0107,0.7977720463275909,0.8238191747665405,0.8238191747665405,0.02604712843894963,0.0,0.7977720463275909,0.8238191747665405,0.7977720463275909,0.0,-0.02604712843894963
PROTEINS,subtle,5,1473307139,0.05,5,8,13,False,55,50,0.6607,0.65,0.0107,0.8156246173381806,0.8118933057785034,0.8118933057785034,-0.0037313115596772084,0.0,0.8156246173381806,0.8118933057785034,0.8156246173381806,0.0,0.0037313115596772084
PROTEINS,subtle,5,1473307139,0.05,10,8,18,False,55,50,0.6607,0.6937,-0.033,0.8391680288314819,0.8461109066009521,0.8461109066009521,0.006942877769470224,0.0,0.8391680288314819,0.8461109066009521,0.8391680288314819,0.0,-0.006942877769470224
PROTEINS,subtle,5,1473307139,0.05,20,8,28,False,55,50,0.6607,0.6813,-0.0205,0.8610455536842346,0.8753571081161499,0.8753571081161499,0.01431155443191523,0.0,0.8610455536842346,0.8753571081161499,0.8610455536842346,0.0,-0.01431155443191523
PROTEINS,subtle,5,1473307139,0.1,1,8,9,False,111,50,0.6607,0.7483,-0.0876,0.7884297370910645,0.8132752060890198,0.8132752060890198,0.024845468997955367,0.0,0.7884297370910645,0.8132752060890198,0.7884297370910645,0.0,-0.024845468997955367
PROTEINS,subtle,5,1473307139,0.1,3,8,11,False,111,50,0.6607,0.7152,-0.0545,0.7977720463275909,0.8093315172195434,0.8093315172195434,0.011559470891952528,0.0,0.7977720463275909,0.8093315172195434,0.7977720463275909,0.0,-0.011559470891952528
PROTEINS,subtle,5,1473307139,0.1,5,8,13,False,111,50,0.6607,0.7152,-0.0545,0.8156246173381806,0.7940087795257569,0.7940087795257569,-0.02161583781242371,0.0,0.8156246173381806,0.7940087795257569,0.8156246173381806,0.0,0.02161583781242371
PROTEINS,subtle,5,1473307139,0.1,10,8,18,False,111,50,0.6607,0.7285,-0.0678,0.8391680288314819,0.8137878286838531,0.8137878286838531,-0.025380200147628762,0.0,0.8391680288314819,0.8137878286838531,0.8391680288314819,0.0,0.025380200147628762
PROTEINS,subtle,5,1473307139,0.1,20,8,28,False,111,50,0.6607,0.7417,-0.081,0.8610455536842346,0.796643009185791,0.796643009185791,-0.06440254449844363,0.0,0.8610455536842346,0.796643009185791,0.8610455536842346,0.0,0.06440254449844363
PROTEINS,subtle,5,1473307139,0.2,1,8,9,False,222,50,0.6607,0.7259,-0.0652,0.7884297370910645,0.7485213911533356,0.7485213911533356,-0.03990834593772885,0.0,0.7884297370910645,0.7485213911533356,0.7884297370910645,0.0,0.03990834593772885
PROTEINS,subtle,5,1473307139,0.2,3,8,11,False,222,50,0.6607,0.6889,-0.0282,0.7977720463275909,0.7190898263454437,0.7190898263454437,-0.0786822199821472,0.0,0.7977720463275909,0.7190898263454437,0.7977720463275909,0.0,0.0786822199821472
PROTEINS,subtle,5,1473307139,0.2,5,8,13,False,222,50,0.6607,0.7333,-0.0726,0.8156246173381806,0.7363261353969573,0.7363261353969573,-0.07929848194122324,0.0,0.8156246173381806,0.7363261353969573,0.8156246173381806,0.0,0.07929848194122324
PROTEINS,subtle,5,1473307139,0.2,10,8,18,False,222,50,0.6607,0.6593,0.0015,0.8391680288314819,0.7373055601119995,0.7373055601119995,-0.10186246871948235,0.0,0.8391680288314819,0.7373055601119995,0.8391680288314819,0.0,0.10186246871948235
PROTEINS,subtle,5,1473307139,0.2,20,8,28,False,222,50,0.6607,0.6667,-0.006,0.8610455536842346,0.7613879442214966,0.7613879442214966,-0.09965760946273805,0.0,0.8610455536842346,0.7613879442214966,0.8610455536842346,0.0,0.09965760946273805
PROTEINS,subtle,5,1473307139,0.3,1,8,9,False,333,50,0.6607,0.7179,-0.0572,0.7884297370910645,0.7837331902980804,0.7837331902980804,-0.0046965467929840354,0.0,0.7884297370910645,0.7837331902980804,0.7884297370910645,0.0,0.0046965467929840354
PROTEINS,subtle,5,1473307139,0.3,3,8,11,False,333,50,0.6607,0.6838,-0.023,0.7977720463275909,0.8171307909488678,0.8171307909488678,0.019358744621276847,0.0,0.7977720463275909,0.8171307909488678,0.7977720463275909,0.0,-0.019358744621276847
PROTEINS,subtle,5,1473307139,0.3,5,8,13,False,333,50,0.6607,0.6667,-0.006,0.8156246173381806,0.7959009456634522,0.7959009456634522,-0.019723671674728438,0.0,0.8156246173381806,0.7959009456634522,0.8156246173381806,0.0,0.019723671674728438
PROTEINS,subtle,5,1473307139,0.3,10,8,18,False,333,50,0.6607,0.7094,-0.0487,0.8391680288314819,0.8020079493522644,0.8020079493522644,-0.03716007947921751,0.0,0.8391680288314819,0.8020079493522644,0.8391680288314819,0.0,0.03716007947921751
PROTEINS,subtle,5,1473307139,0.3,20,8,28,False,333,50,0.6607,0.7009,-0.0401,0.8610455536842346,0.7939771091938019,0.7939771091938019,-0.0670684444904327,0.0,0.8610455536842346,0.7939771091938019,0.8610455536842346,0.0,0.0670684444904327
PROTEINS,subtle,6,3089927165,0.05,1,8,9,False,55,50,0.7381,0.7125,0.0256,0.7783838081359863,0.8007231152057648,0.8007231152057648,0.02233930706977849,0.0,0.7783838081359863,0.8007231152057648,0.7783838081359863,0.0,-0.02233930706977849
PROTEINS,subtle,6,3089927165,0.05,3,8,11,False,55,50,0.7381,0.65,0.0881,0.7972465336322785,0.8030027437210083,0.8030027437210083,0.005756210088729841,0.0,0.7972465336322785,0.8030027437210083,0.7972465336322785,0.0,-0.005756210088729841
PROTEINS,subtle,6,3089927165,0.05,5,8,13,False,55,50,0.7381,0.6687,0.0693,0.8154789483547211,0.861562215089798,0.861562215089798,0.0460832667350769,0.0,0.8154789483547211,0.861562215089798,0.8154789483547211,0.0,-0.0460832667350769
PROTEINS,subtle,6,3089927165,0.05,10,8,18,False,55,50,0.7381,0.6875,0.0506,0.8549058818817139,0.7747718369960785,0.7747718369960785,-0.08013404488563536,0.0,0.8549058818817139,0.7747718369960785,0.8549058818817139,0.0,0.08013404488563536
PROTEINS,subtle,6,3089927165,0.05,20,8,28,False,55,50,0.7381,0.6625,0.0756,0.9149416697025299,0.790528804063797,0.790528804063797,-0.12441286563873288,0.0,0.9149416697025299,0.790528804063797,0.9149416697025299,0.0,0.12441286563873288
PROTEINS,subtle,6,3089927165,0.1,1,8,9,False,111,50,0.7381,0.702,0.0361,0.7783838081359863,0.754292995929718,0.754292995929718,-0.024090812206268297,0.0,0.7783838081359863,0.754292995929718,0.7783838081359863,0.0,0.024090812206268297
PROTEINS,subtle,6,3089927165,0.1,3,8,11,False,111,50,0.7381,0.6689,0.0692,0.7972465336322785,0.7626116895675659,0.7626116895675659,-0.03463484406471262,0.0,0.7972465336322785,0.7626116895675659,0.7972465336322785,0.0,0.03463484406471262
PROTEINS,subtle,6,3089927165,0.1,5,8,13,False,111,50,0.7381,0.7086,0.0295,0.8154789483547211,0.7748938477039338,0.7748938477039338,-0.040585100650787354,0.0,0.8154789483547211,0.7748938477039338,0.8154789483547211,0.0,0.040585100650787354
PROTEINS,subtle,6,3089927165,0.1,10,8,18,False,111,50,0.7381,0.7285,0.0096,0.8549058818817139,0.7376551973819733,0.7376551973819733,-0.11725068449974063,0.0,0.8549058818817139,0.7376551973819733,0.8549058818817139,0.0,0.11725068449974063
PROTEINS,subtle,6,3089927165,0.1,20,8,28,False,111,50,0.7381,0.7086,0.0295,0.9149416697025299,0.7983304154872894,0.7983304154872894,-0.11661125421524043,0.0,0.9149416697025299,0.7983304154872894,0.9149416697025299,0.0,0.11661125421524043
PROTEINS,subtle,6,3089927165,0.2,1,8,9,False,222,50,0.7381,0.6741,0.064,0.7783838081359863,0.7208020865917206,0.7208020865917206,-0.05758172154426566,0.0,0.7783838081359863,0.7208020865917206,0.7783838081359863,0.0,0.05758172154426566
PROTEINS,subtle,6,3089927165,0.2,3,8,11,False,222,50,0.7381,0.6741,0.064,0.7972465336322785,0.7271889126300812,0.7271889126300812,-0.07005762100219726,0.0,0.7972465336322785,0.7271889126300812,0.7972465336322785,0.0,0.07005762100219726
PROTEINS,subtle,6,3089927165,0.2,5,8,13,False,222,50,0.7381,0.6741,0.064,0.8154789483547211,0.7428187775611877,0.7428187775611877,-0.07266017079353337,0.0,0.8154789483547211,0.7428187775611877,0.8154789483547211,0.0,0.07266017079353337
PROTEINS,subtle,6,3089927165,0.2,10,8,18,False,222,50,0.7381,0.7111,0.027,0.8549058818817139,0.7153744292259216,0.7153744292259216,-0.13953145265579225,0.0,0.8549058818817139,0.7153744292259216,0.8549058818817139,0.0,0.13953145265579225
PROTEINS,subtle,6,3089927165,0.2,20,8,28,False,222,50,0.7381,0.6741,0.064,0.9149416697025299,0.7307544052600861,0.7307544052600861,-0.18418726444244382,0.0,0.9149416697025299,0.7307544052600861,0.9149416697025299,0.0,0.18418726444244382
PROTEINS,subtle,6,3089927165,0.3,1,8,9,False,333,50,0.7381,0.7436,-0.0055,0.7783838081359863,0.6758885085582733,0.6758885085582733,-0.10249529957771297,0.0,0.7783838081359863,0.6758885085582733,0.7783838081359863,0.0,0.10249529957771297
PROTEINS,subtle,6,3089927165,0.3,3,8,11,False,333,50,0.7381,0.6838,0.0543,0.7972465336322785,0.7366093957424164,0.7366093957424164,-0.060637137889862136,0.0,0.7972465336322785,0.7366093957424164,0.7972465336322785,0.0,0.060637137889862136
PROTEINS,subtle,6,3089927165,0.3,5,8,13,False,333,50,0.7381,0.6667,0.0714,0.8154789483547211,0.7630271136760711,0.7630271136760711,-0.05245183467865,0.0,0.8154789483547211,0.7630271136760711,0.8154789483547211,0.0,0.05245183467865
PROTEINS,subtle,6,3089927165,0.3,10,8,18,False,333,50,0.7381,0.6838,0.0543,0.8549058818817139,0.7693263399600982,0.7693263399600982,-0.08557954192161565,0.0,0.8549058818817139,0.7693263399600982,0.8549058818817139,0.0,0.08557954192161565
PROTEINS,subtle,6,3089927165,0.3,20,8,28,False,333,50,0.7381,0.7521,-0.014,0.9149416697025299,0.7470173299312591,0.7470173299312591,-0.16792433977127075,0.0,0.9149416697025299,0.7470173299312591,0.9149416697025299,0.0,0.16792433977127075
PROTEINS,subtle,7,2899592958,0.05,1,8,9,False,55,50,0.7143,0.6687,0.0455,0.7994343602657318,0.8848057198524475,0.8848057198524475,0.08537135958671571,0.0,0.7994343602657318,0.8848057198524475,0.7994343602657318,0.0,-0.08537135958671571
PROTEINS,subtle,7,2899592958,0.05,3,8,11,False,55,50,0.7143,0.675,0.0393,0.8059028434753418,0.8698693358898163,0.8698693358898163,0.0639664924144745,0.0,0.8059028434753418,0.8698693358898163,0.8059028434753418,0.0,-0.0639664924144745
PROTEINS,subtle,7,2899592958,0.05,5,8,13,False,55,50,0.7143,0.6188,0.0955,0.8217487204074859,0.7983416068553925,0.7983416068553925,-0.02340711355209346,0.0,0.8217487204074859,0.7983416068553925,0.8217487204074859,0.0,0.02340711355209346
PROTEINS,subtle,7,2899592958,0.05,10,8,18,False,55,50,0.7143,0.6875,0.0268,0.8505091547966004,0.7791671574115753,0.7791671574115753,-0.07134199738502511,0.0,0.8505091547966004,0.7791671574115753,0.8505091547966004,0.0,0.07134199738502511
PROTEINS,subtle,7,2899592958,0.05,20,8,28,False,55,50,0.7143,0.675,0.0393,0.8914041924476623,0.8824489188194274,0.8824489188194274,-0.008955273628234894,0.0,0.8914041924476623,0.8824489188194274,0.8914041924476623,0.0,0.008955273628234894
PROTEINS,subtle,7,2899592958,0.1,1,8,9,False,111,50,0.7143,0.6821,0.0322,0.7994343602657318,0.7737871730327606,0.7737871730327606,-0.025647187232971214,0.0,0.7994343602657318,0.7737871730327606,0.7994343602657318,0.0,0.025647187232971214
PROTEINS,subtle,7,2899592958,0.1,3,8,11,False,111,50,0.7143,0.6689,0.0454,0.8059028434753418,0.7850721287727356,0.7850721287727356,-0.020830714702606223,0.0,0.8059028434753418,0.7850721287727356,0.8059028434753418,0.0,0.020830714702606223
PROTEINS,subtle,7,2899592958,0.1,5,8,13,False,111,50,0.7143,0.6821,0.0322,0.8217487204074859,0.7677256071567535,0.7677256071567535,-0.05402311325073239,0.0,0.8217487204074859,0.7677256071567535,0.8217487204074859,0.0,0.05402311325073239
PROTEINS,subtle,7,2899592958,0.1,10,8,18,False,111,50,0.7143,0.6689,0.0454,0.8505091547966004,0.8290387034416199,0.8290387034416199,-0.02147045135498049,0.0,0.8505091547966004,0.8290387034416199,0.8505091547966004,0.0,0.02147045135498049
PROTEINS,subtle,7,2899592958,0.1,20,8,28,False,111,50,0.7143,0.7152,-0.0009,0.8914041924476623,0.7788297522068024,0.7788297522068024,-0.11257444024085994,0.0,0.8914041924476623,0.7788297522068024,0.8914041924476623,0.0,0.11257444024085994
PROTEINS,subtle,7,2899592958,0.2,1,8,9,False,222,50,0.7143,0.6889,0.0254,0.7994343602657318,0.7578429365158081,0.7578429365158081,-0.04159142374992364,0.0,0.7994343602657318,0.7578429365158081,0.7994343602657318,0.0,0.04159142374992364
PROTEINS,subtle,7,2899592958,0.2,3,8,11,False,222,50,0.7143,0.7259,-0.0116,0.8059028434753418,0.780597767829895,0.780597767829895,-0.025305075645446817,0.0,0.8059028434753418,0.780597767829895,0.8059028434753418,0.0,0.025305075645446817
PROTEINS,subtle,7,2899592958,0.2,5,8,13,False,222,50,0.7143,0.7185,-0.0042,0.8217487204074859,0.7494034159183502,0.7494034159183502,-0.07234530448913568,0.0,0.8217487204074859,0.7494034159183502,0.8217487204074859,0.0,0.07234530448913568
PROTEINS,subtle,7,2899592958,0.2,10,8,18,False,222,50,0.7143,0.7037,0.0106,0.8505091547966004,0.7616702032089233,0.7616702032089233,-0.08883895158767707,0.0,0.8505091547966004,0.7616702032089233,0.8505091547966004,0.0,0.08883895158767707
PROTEINS,subtle,7,2899592958,0.2,20,8,28,False,222,50,0.7143,0.7185,-0.0042,0.8914041924476623,0.7555479741096497,0.7555479741096497,-0.13585621833801265,0.0,0.8914041924476623,0.7555479741096497,0.8914041924476623,0.0,0.13585621833801265
PROTEINS,subtle,7,2899592958,0.3,1,8,9,False,333,50,0.7143,0.7521,-0.0379,0.7994343602657318,0.803293513059616,0.803293513059616,0.0038591527938842685,0.0,0.7994343602657318,0.803293513059616,0.7994343602657318,0.0,-0.0038591527938842685
PROTEINS,subtle,7,2899592958,0.3,3,8,11,False,333,50,0.7143,0.735,-0.0208,0.8059028434753418,0.7920134210586548,0.7920134210586548,-0.013889422416687003,0.0,0.8059028434753418,0.7920134210586548,0.8059028434753418,0.0,0.013889422416687003
PROTEINS,subtle,7,2899592958,0.3,5,8,13,False,333,50,0.7143,0.7094,0.0049,0.8217487204074859,0.7773942697048187,0.7773942697048187,-0.04435445070266719,0.0,0.8217487204074859,0.7773942697048187,0.8217487204074859,0.0,0.04435445070266719
PROTEINS,subtle,7,2899592958,0.3,10,8,18,False,333,50,0.7143,0.7009,0.0134,0.8505091547966004,0.7866988110542298,0.7866988110542298,-0.0638103437423706,0.0,0.8505091547966004,0.7866988110542298,0.8505091547966004,0.0,0.0638103437423706
PROTEINS,subtle,7,2899592958,0.3,20,8,28,False,333,50,0.7143,0.7094,0.0049,0.8914041924476623,0.744878705739975,0.744878705739975,-0.1465254867076874,0.0,0.8914041924476623,0.744878705739975,0.8914041924476623,0.0,0.1465254867076874
PROTEINS,subtle,8,505746747,0.05,1,8,9,False,55,50,0.7321,0.7,0.0321,0.729359256029129,0.7891809737682343,0.7891809737682343,0.05982171773910527,0.0,0.729359256029129,0.7891809737682343,0.729359256029129,0.0,-0.05982171773910527
PROTEINS,subtle,8,505746747,0.05,3,8,11,False,55,50,0.7321,0.7312,0.0009,0.7399255490303039,0.7796338903903961,0.7796338903903961,0.03970834136009216,0.0,0.7399255490303039,0.7796338903903961,0.7399255490303039,0.0,-0.03970834136009216
PROTEINS,subtle,8,505746747,0.05,5,8,13,False,55,50,0.7321,0.6813,0.0509,0.7527577185630798,0.8268691313266754,0.8268691313266754,0.07411141276359556,0.0,0.7527577185630798,0.8268691313266754,0.7527577185630798,0.0,-0.07411141276359556
PROTEINS,subtle,8,505746747,0.05,10,8,18,False,55,50,0.7321,0.7125,0.0196,0.7823533713817596,0.8229161882400513,0.8229161882400513,0.04056281685829166,0.0,0.7823533713817596,0.8229161882400513,0.7823533713817596,0.0,-0.04056281685829166
PROTEINS,subtle,8,505746747,0.05,20,8,28,False,55,50,0.7321,0.725,0.0071,0.8345661306381226,0.7843887221813202,0.7843887221813202,-0.05017740845680241,0.0,0.8345661306381226,0.7843887221813202,0.8345661306381226,0.0,0.05017740845680241
PROTEINS,subtle,8,505746747,0.1,1,8,9,False,111,50,0.7321,0.7351,-0.003,0.729359256029129,0.7850118482112884,0.7850118482112884,0.055652592182159455,0.0,0.729359256029129,0.7850118482112884,0.729359256029129,0.0,-0.055652592182159455
PROTEINS,subtle,8,505746747,0.1,3,8,11,False,111,50,0.7321,0.7086,0.0235,0.7399255490303039,0.8066915118694306,0.8066915118694306,0.06676596283912661,0.0,0.7399255490303039,0.8066915118694306,0.7399255490303039,0.0,-0.06676596283912661
PROTEINS,subtle,8,505746747,0.1,5,8,13,False,111,50,0.7321,0.7219,0.0103,0.7527577185630798,0.7879973411560058,0.7879973411560058,0.03523962259292601,0.0,0.7527577185630798,0.7879973411560058,0.7527577185630798,0.0,-0.03523962259292601
PROTEINS,subtle,8,505746747,0.1,10,8,18,False,111,50,0.7321,0.7351,-0.003,0.7823533713817596,0.8201262199878693,0.8201262199878693,0.03777284860610963,0.0,0.7823533713817596,0.8201262199878693,0.7823533713817596,0.0,-0.03777284860610963
PROTEINS,subtle,8,505746747,0.1,20,8,28,False,111,50,0.7321,0.7483,-0.0162,0.8345661306381226,0.8055944836139679,0.8055944836139679,-0.028971647024154668,0.0,0.8345661306381226,0.8055944836139679,0.8345661306381226,0.0,0.028971647024154668
PROTEINS,subtle,8,505746747,0.2,1,8,9,False,222,50,0.7321,0.6444,0.0877,0.729359256029129,0.7938559830188752,0.7938559830188752,0.06449672698974618,0.0,0.729359256029129,0.7938559830188752,0.729359256029129,0.0,-0.06449672698974618
PROTEINS,subtle,8,505746747,0.2,3,8,11,False,222,50,0.7321,0.6815,0.0507,0.7399255490303039,0.7792556190490723,0.7792556190490723,0.039330070018768315,0.0,0.7399255490303039,0.7792556190490723,0.7399255490303039,0.0,-0.039330070018768315
PROTEINS,subtle,8,505746747,0.2,5,8,13,False,222,50,0.7321,0.6963,0.0358,0.7527577185630798,0.777190409898758,0.777190409898758,0.02443269133567816,0.0,0.7527577185630798,0.777190409898758,0.7527577185630798,0.0,-0.02443269133567816
PROTEINS,subtle,8,505746747,0.2,10,8,18,False,222,50,0.7321,0.7111,0.021,0.7823533713817596,0.779909143447876,0.779909143447876,-0.002444227933883658,0.0,0.7823533713817596,0.779909143447876,0.7823533713817596,0.0,0.002444227933883658
PROTEINS,subtle,8,505746747,0.2,20,8,28,False,222,50,0.7321,0.7111,0.021,0.8345661306381226,0.7702294206619262,0.7702294206619262,-0.06433670997619634,0.0,0.8345661306381226,0.7702294206619262,0.8345661306381226,0.0,0.06433670997619634
PROTEINS,subtle,8,505746747,0.3,1,8,9,False,333,50,0.7321,0.7009,0.0313,0.729359256029129,0.7217894542217255,0.7217894542217255,-0.00756980180740352,0.0,0.729359256029129,0.7217894542217255,0.729359256029129,0.0,0.00756980180740352
PROTEINS,subtle,8,505746747,0.3,3,8,11,False,333,50,0.7321,0.7094,0.0227,0.7399255490303039,0.7373604142665863,0.7373604142665863,-0.002565134763717669,0.0,0.7399255490303039,0.7373604142665863,0.7399255490303039,0.0,0.002565134763717669
PROTEINS,subtle,8,505746747,0.3,5,8,13,False,333,50,0.7321,0.7179,0.0142,0.7527577185630798,0.7451567280292511,0.7451567280292511,-0.007600990533828678,0.0,0.7527577185630798,0.7451567280292511,0.7527577185630798,0.0,0.007600990533828678
PROTEINS,subtle,8,505746747,0.3,10,8,18,False,333,50,0.7321,0.7009,0.0313,0.7823533713817596,0.7520349693298339,0.7520349693298339,-0.030318402051925708,0.0,0.7823533713817596,0.7520349693298339,0.7823533713817596,0.0,0.030318402051925708
PROTEINS,subtle,8,505746747,0.3,20,8,28,False,333,50,0.7321,0.6923,0.0398,0.8345661306381226,0.7244767570495605,0.7244767570495605,-0.11008937358856208,0.0,0.8345661306381226,0.7244767570495605,0.8345661306381226,0.0,0.11008937358856208
PROTEINS,subtle,9,1456861021,0.05,1,8,9,False,55,50,0.7262,0.7188,0.0074,0.7630571544170379,0.7982893240451813,0.7982893240451813,0.03523216962814335,0.0,0.7630571544170379,0.7982893240451813,0.7630571544170379,0.0,-0.03523216962814335
PROTEINS,subtle,9,1456861021,0.05,3,8,11,False,55,50,0.7262,0.7125,0.0137,0.7689505136013031,0.7716451382637024,0.7716451382637024,0.0026946246623993364,0.0,0.7689505136013031,0.7716451382637024,0.7689505136013031,0.0,-0.0026946246623993364
PROTEINS,subtle,9,1456861021,0.05,5,8,13,False,55,50,0.7262,0.7,0.0262,0.7723096442222596,0.7536984384059906,0.7536984384059906,-0.01861120581626896,0.0,0.7723096442222596,0.7536984384059906,0.7723096442222596,0.0,0.01861120581626896
PROTEINS,subtle,9,1456861021,0.05,10,8,18,False,55,50,0.7262,0.7063,0.0199,0.7822982180118561,0.8011819732189178,0.8011819732189178,0.01888375520706176,0.0,0.7822982180118561,0.8011819732189178,0.7822982180118561,0.0,-0.01888375520706176
PROTEINS,subtle,9,1456861021,0.05,20,8,28,False,55,50,0.7262,0.6937,0.0324,0.7776365041732788,0.8340278577804565,0.8340278577804565,0.05639135360717773,0.0,0.7776365041732788,0.8340278577804565,0.7776365041732788,0.0,-0.05639135360717773
PROTEINS,subtle,9,1456861021,0.1,1,8,9,False,111,50,0.7262,0.6821,0.0441,0.7630571544170379,0.7812624442577362,0.7812624442577362,0.018205289840698247,0.0,0.7630571544170379,0.7812624442577362,0.7630571544170379,0.0,-0.018205289840698247
PROTEINS,subtle,9,1456861021,0.1,3,8,11,False,111,50,0.7262,0.6755,0.0507,0.7689505136013031,0.7864695322513581,0.7864695322513581,0.017519018650055007,0.0,0.7689505136013031,0.7864695322513581,0.7689505136013031,0.0,-0.017519018650055007
PROTEINS,subtle,9,1456861021,0.1,5,8,13,False,111,50,0.7262,0.7086,0.0176,0.7723096442222596,0.7908966076374054,0.7908966076374054,0.018586963415145874,0.0,0.7723096442222596,0.7908966076374054,0.7723096442222596,0.0,-0.018586963415145874
PROTEINS,subtle,9,1456861021,0.1,10,8,18,False,111,50,0.7262,0.6954,0.0308,0.7822982180118561,0.7902886688709259,0.7902886688709259,0.007990450859069798,0.0,0.7822982180118561,0.7902886688709259,0.7822982180118561,0.0,-0.007990450859069798
PROTEINS,subtle,9,1456861021,0.1,20,8,28,False,111,50,0.7262,0.6954,0.0308,0.7776365041732788,0.7825475084781647,0.7825475084781647,0.004911004304885891,0.0,0.7776365041732788,0.7825475084781647,0.7776365041732788,0.0,-0.004911004304885891
PROTEINS,subtle,9,1456861021,0.2,1,8,9,False,222,50,0.7262,0.6,0.1262,0.7630571544170379,0.7722258794307709,0.7722258794307709,0.009168725013733003,0.0,0.7630571544170379,0.7722258794307709,0.7630571544170379,0.0,-0.009168725013733003
PROTEINS,subtle,9,1456861021,0.2,3,8,11,False,222,50,0.7262,0.6,0.1262,0.7689505136013031,0.7978115689754486,0.7978115689754486,0.028861055374145517,0.0,0.7689505136013031,0.7978115689754486,0.7689505136013031,0.0,-0.028861055374145517
PROTEINS,subtle,9,1456861021,0.2,5,8,13,False,222,50,0.7262,0.6,0.1262,0.7723096442222596,0.7921824955940246,0.7921824955940246,0.019872851371765088,0.0,0.7723096442222596,0.7921824955940246,0.7723096442222596,0.0,-0.019872851371765088
PROTEINS,subtle,9,1456861021,0.2,10,8,18,False,222,50,0.7262,0.6074,0.1188,0.7822982180118561,0.7891726684570313,0.7891726684570313,0.006874450445175206,0.0,0.7822982180118561,0.7891726684570313,0.7822982180118561,0.0,-0.006874450445175206
PROTEINS,subtle,9,1456861021,0.2,20,8,28,False,222,50,0.7262,0.6,0.1262,0.7776365041732788,0.8040391159057617,0.8040391159057617,0.026402611732482928,0.0,0.7776365041732788,0.8040391159057617,0.7776365041732788,0.0,-0.026402611732482928
PROTEINS,subtle,9,1456861021,0.3,1,8,9,False,333,50,0.7262,0.7094,0.0168,0.7630571544170379,0.7815607893466949,0.7815607893466949,0.01850363492965701,0.0,0.7630571544170379,0.7815607893466949,0.7630571544170379,0.0,-0.01850363492965701
PROTEINS,subtle,9,1456861021,0.3,3,8,11,False,333,50,0.7262,0.7179,0.0082,0.7689505136013031,0.7482064580917358,0.7482064580917358,-0.02074405550956726,0.0,0.7689505136013031,0.7482064580917358,0.7689505136013031,0.0,0.02074405550956726
PROTEINS,subtle,9,1456861021,0.3,5,8,13,False,333,50,0.7262,0.7179,0.0082,0.7723096442222596,0.7547940397262574,0.7547940397262574,-0.0175156044960022,0.0,0.7723096442222596,0.7547940397262574,0.7723096442222596,0.0,0.0175156044960022
PROTEINS,subtle,9,1456861021,0.3,10,8,18,False,333,50,0.7262,0.735,-0.0089,0.7822982180118561,0.7366463935375214,0.7366463935375214,-0.04565182447433469,0.0,0.7822982180118561,0.7366463935375214,0.7822982180118561,0.0,0.04565182447433469
PROTEINS,subtle,9,1456861021,0.3,20,8,28,False,333,50,0.7262,0.7179,0.0082,0.7776365041732788,0.7401691734790802,0.7401691734790802,-0.03746733069419861,0.0,0.7776365041732788,0.7401691734790802,0.7776365041732788,0.0,0.03746733069419861
