dataset,variant,feature_mode,repeat,seed,watermark_pct,chain_extension,global_chain_len,target_chain_len,is_binary,train_size,val_size,test_size,num_watermarked,num_clean_train,num_verification,benign_test_acc,watermarked_test_acc,accuracy_drop,reference_benign_avg_confidence,reference_watermarked_avg_confidence,reference_suspect_avg_confidence,reference_avg_distance_to_benign,reference_avg_distance_to_watermarked,reference_t_stat_vs_benign,reference_p_value_vs_benign,reference_t_stat_vs_watermarked,reference_p_value_vs_watermarked,reference_watermarked_minus_benign_confidence,reference_suspect_minus_benign_confidence,reference_suspect_minus_watermarked_confidence,reference_suspect_signal_positive_vs_benign,control_benign_avg_confidence,control_watermarked_avg_confidence,control_suspect_avg_confidence,control_avg_distance_to_benign,control_avg_distance_to_watermarked,control_t_stat_vs_benign,control_p_value_vs_benign,control_t_stat_vs_watermarked,control_p_value_vs_watermarked,control_watermarked_minus_benign_confidence,control_suspect_minus_benign_confidence,control_suspect_minus_watermarked_confidence,control_suspect_signal_positive_vs_benign,held_out_verification,verification_source
PROTEINS,same_label,subtle,0,1562670526,0.05,1,8,9,False,779,166,168,38,741,38,0.6548,0.6845,-0.0298,0.6826761270824232,0.7291769369652397,0.7291769369652397,0.14214218133374265,0.0,1.6082145444190652,0.11628919315617539,0.0,1.0,0.04650080988281646,0.04650080988281646,0.0,True,0.6826761270824232,0.7291769369652397,0.6826761270824232,0.0,0.14214218133374265,0.0,1.0,-1.6082145444190652,0.11628919315617539,0.04650080988281646,0.0,-0.04650080988281646,False,False,watermarked_training
PROTEINS,same_label,subtle,0,1562670526,0.05,3,8,11,False,779,166,168,38,741,38,0.6548,0.7083,-0.0536,0.6970042303988808,0.6885812015909898,0.6885812015909898,0.13944810158328005,0.0,-0.3008752120482086,0.7651939605755488,0.0,1.0,-0.008423028807891031,-0.008423028807891031,0.0,False,0.6970042303988808,0.6885812015909898,0.6970042303988808,0.0,0.13944810158328005,0.0,1.0,0.3008752120482086,0.7651939605755488,-0.008423028807891031,0.0,0.008423028807891031,False,False,watermarked_training
PROTEINS,same_label,subtle,0,1562670526,0.05,5,8,13,False,779,166,168,38,741,38,0.6548,0.7083,-0.0536,0.7204395344382838,0.8027324064781791,0.8027324064781791,0.14858294317596837,0.0,3.0762029994969686,0.00393101557258304,0.0,1.0,0.08229287203989533,0.08229287203989533,0.0,True,0.7204395344382838,0.8027324064781791,0.7204395344382838,0.0,0.14858294317596837,0.0,1.0,-3.0762029994969686,0.00393101557258304,0.08229287203989533,0.0,-0.08229287203989533,False,False,watermarked_training
PROTEINS,same_label,subtle,0,1562670526,0.05,10,8,18,False,779,166,168,38,741,38,0.6548,0.6905,-0.0357,0.7600369406373877,0.7917331300283733,0.7917331300283733,0.1414310163573215,0.0,1.1547900327922909,0.2555802849946301,0.0,1.0,0.03169618939098562,0.03169618939098562,0.0,True,0.7600369406373877,0.7917331300283733,0.7600369406373877,0.0,0.1414310163573215,0.0,1.0,-1.1547900327922909,0.2555802849946301,0.03169618939098562,0.0,-0.03169618939098562,False,False,watermarked_training
PROTEINS,same_label,subtle,0,1562670526,0.05,20,8,28,False,779,166,168,38,741,38,0.6548,0.6964,-0.0417,0.8192229506216551,0.8874462372378299,0.8874462372378299,0.141555750056317,0.0,2.44996602792033,0.019139366764667765,0.0,1.0,0.06822328661617483,0.06822328661617483,0.0,True,0.8192229506216551,0.8874462372378299,0.8192229506216551,0.0,0.141555750056317,0.0,1.0,-2.44996602792033,0.019139366764667765,0.06822328661617483,0.0,-0.06822328661617483,False,False,watermarked_training
PROTEINS,same_label,subtle,0,1562670526,0.1,1,8,9,False,779,166,168,77,702,50,0.6548,0.744,-0.0893,0.6818116009235382,0.7780660820007325,0.7780660820007325,0.17756017088890075,0.0,3.6148079989518704,0.0007080773256745359,0.0,1.0,0.09625448107719425,0.09625448107719425,0.0,True,0.6818116009235382,0.7780660820007325,0.6818116009235382,0.0,0.17756017088890075,0.0,1.0,-3.6148079989518704,0.0007080773256745359,0.09625448107719425,0.0,-0.09625448107719425,False,False,watermarked_training
PROTEINS,same_label,subtle,0,1562670526,0.1,3,8,11,False,779,166,168,77,702,50,0.6548,0.7262,-0.0714,0.6968697106838226,0.7953116881847382,0.7953116881847382,0.16424814462661744,0.0,3.989541828391145,0.00022069574060604513,0.0,1.0,0.09844197750091555,0.09844197750091555,0.0,True,0.6968697106838226,0.7953116881847382,0.6968697106838226,0.0,0.16424814462661744,0.0,1.0,-3.989541828391145,0.00022069574060604513,0.09844197750091555,0.0,-0.09844197750091555,False,False,watermarked_training
PROTEINS,same_label,subtle,0,1562670526,0.1,5,8,13,False,779,166,168,77,702,50,0.6548,0.6845,-0.0298,0.7284463262557983,0.9202602159976959,0.9202602159976959,0.225491486787796,0.0,8.260858960925985,7.647252320627127e-11,0.0,1.0,0.19181388974189761,0.19181388974189761,0.0,True,0.7284463262557983,0.9202602159976959,0.7284463262557983,0.0,0.225491486787796,0.0,1.0,-8.260858960925985,7.647252320627127e-11,0.19181388974189761,0.0,-0.19181388974189761,False,False,watermarked_training
PROTEINS,same_label,subtle,0,1562670526,0.1,10,8,18,False,779,166,168,77,702,50,0.6548,0.7083,-0.0536,0.774207444190979,0.912684131860733,0.912684131860733,0.17558911919593811,0.0,5.804834041731875,4.6705374482699555e-07,0.0,1.0,0.13847668766975407,0.13847668766975407,0.0,True,0.774207444190979,0.912684131860733,0.774207444190979,0.0,0.17558911919593811,0.0,1.0,-5.804834041731875,4.6705374482699555e-07,0.13847668766975407,0.0,-0.13847668766975407,False,False,watermarked_training
PROTEINS,same_label,subtle,0,1562670526,0.1,20,8,28,False,779,166,168,77,702,50,0.6548,0.7262,-0.0714,0.8360640263557434,0.9781736433506012,0.9781736433506012,0.15140029788017273,0.0,6.439604125844011,4.898653795258479e-08,0.0,1.0,0.1421096169948578,0.1421096169948578,0.0,True,0.8360640263557434,0.9781736433506012,0.8360640263557434,0.0,0.15140029788017273,0.0,1.0,-6.439604125844011,4.898653795258479e-08,0.1421096169948578,0.0,-0.1421096169948578,False,False,watermarked_training
PROTEINS,same_label,subtle,0,1562670526,0.2,1,8,9,False,779,166,168,155,624,50,0.6548,0.6845,-0.0298,0.6884446358680725,0.952728226184845,0.952728226184845,0.295889675617218,0.0,9.698395300220263,5.50861789069318e-13,0.0,1.0,0.2642835903167725,0.2642835903167725,0.0,True,0.6884446358680725,0.952728226184845,0.6884446358680725,0.0,0.295889675617218,0.0,1.0,-9.698395300220263,5.50861789069318e-13,0.2642835903167725,0.0,-0.2642835903167725,False,False,watermarked_training
PROTEINS,same_label,subtle,0,1562670526,0.2,3,8,11,False,779,166,168,155,624,50,0.6548,0.7024,-0.0476,0.6981354188919068,0.9701504170894623,0.9701504170894623,0.29248707175254823,0.0,11.126709895312738,5.1699016689760826e-15,0.0,1.0,0.2720149981975555,0.2720149981975555,0.0,True,0.6981354188919068,0.9701504170894623,0.6981354188919068,0.0,0.29248707175254823,0.0,1.0,-11.126709895312738,5.1699016689760826e-15,0.2720149981975555,0.0,-0.2720149981975555,False,False,watermarked_training
PROTEINS,same_label,subtle,0,1562670526,0.2,5,8,13,False,779,166,168,155,624,50,0.6548,0.7024,-0.0476,0.7333754599094391,0.9708572041988373,0.9708572041988373,0.256348569393158,0.0,10.153782518785945,1.2100089606757625e-13,0.0,1.0,0.23748174428939817,0.23748174428939817,0.0,True,0.7333754599094391,0.9708572041988373,0.7333754599094391,0.0,0.256348569393158,0.0,1.0,-10.153782518785945,1.2100089606757625e-13,0.23748174428939817,0.0,-0.23748174428939817,False,False,watermarked_training
PROTEINS,same_label,subtle,0,1562670526,0.2,10,8,18,False,779,166,168,155,624,50,0.6548,0.7262,-0.0714,0.7778374314308166,0.9784557855129242,0.9784557855129242,0.23110933661460875,0.0,8.090367637303943,1.3904298360414122e-10,0.0,1.0,0.2006183540821076,0.2006183540821076,0.0,True,0.7778374314308166,0.9784557855129242,0.7778374314308166,0.0,0.23110933661460875,0.0,1.0,-8.090367637303943,1.3904298360414122e-10,0.2006183540821076,0.0,-0.2006183540821076,False,False,watermarked_training
PROTEINS,same_label,subtle,0,1562670526,0.2,20,8,28,False,779,166,168,155,624,50,0.6548,0.6786,-0.0238,0.8200294196605682,0.9797084474563599,0.9797084474563599,0.18732229351997376,0.0,5.997460916272511,2.3616031604898288e-07,0.0,1.0,0.15967902779579168,0.15967902779579168,0.0,True,0.8200294196605682,0.9797084474563599,0.8200294196605682,0.0,0.18732229351997376,0.0,1.0,-5.997460916272511,2.3616031604898288e-07,0.15967902779579168,0.0,-0.15967902779579168,False,False,watermarked_training
PROTEINS,same_label,subtle,0,1562670526,0.3,1,8,9,False,779,166,168,233,546,50,0.6548,0.625,0.0298,0.7414803862571716,0.9520822608470917,0.9520822608470917,0.2566160547733307,0.0,7.504675547396184,1.1007645731372292e-09,0.0,1.0,0.21060187458992008,0.21060187458992008,0.0,True,0.7414803862571716,0.9520822608470917,0.7414803862571716,0.0,0.2566160547733307,0.0,1.0,-7.504675547396184,1.1007645731372292e-09,0.21060187458992008,0.0,-0.21060187458992008,False,False,watermarked_training
PROTEINS,same_label,subtle,0,1562670526,0.3,3,8,11,False,779,166,168,233,546,50,0.6548,0.6607,-0.006,0.7579003083705902,0.9531285512447357,0.9531285512447357,0.24843234300613404,0.0,6.828307741061054,1.2239712390329003e-08,0.0,1.0,0.19522824287414553,0.19522824287414553,0.0,True,0.7579003083705902,0.9531285512447357,0.7579003083705902,0.0,0.24843234300613404,0.0,1.0,-6.828307741061054,1.2239712390329003e-08,0.19522824287414553,0.0,-0.19522824287414553,False,False,watermarked_training
PROTEINS,same_label,subtle,0,1562670526,0.3,5,8,13,False,779,166,168,233,546,50,0.6548,0.6845,-0.0298,0.781151636838913,0.9839661407470703,0.9839661407470703,0.21716120839118958,0.0,9.368758318922223,1.6751578444763664e-12,0.0,1.0,0.20281450390815736,0.20281450390815736,0.0,True,0.781151636838913,0.9839661407470703,0.781151636838913,0.0,0.21716120839118958,0.0,1.0,-9.368758318922223,1.6751578444763664e-12,0.20281450390815736,0.0,-0.20281450390815736,False,False,watermarked_training
PROTEINS,same_label,subtle,0,1562670526,0.3,10,8,18,False,779,166,168,233,546,50,0.6548,0.631,0.0238,0.8168542778491974,0.9774176478385925,0.9774176478385925,0.17969005465507507,0.0,7.082028516757644,4.951533789502779e-09,0.0,1.0,0.16056336998939513,0.16056336998939513,0.0,True,0.8168542778491974,0.9774176478385925,0.8168542778491974,0.0,0.17969005465507507,0.0,1.0,-7.082028516757644,4.951533789502779e-09,0.16056336998939513,0.0,-0.16056336998939513,False,False,watermarked_training
PROTEINS,same_label,subtle,0,1562670526,0.3,20,8,28,False,779,166,168,233,546,50,0.6548,0.6607,-0.006,0.8429284679889679,0.9984408140182495,0.9984408140182495,0.15730324864387513,0.0,6.810986901883438,1.3020112580329258e-08,0.0,1.0,0.15551234602928155,0.15551234602928155,0.0,True,0.8429284679889679,0.9984408140182495,0.8429284679889679,0.0,0.15730324864387513,0.0,1.0,-6.810986901883438,1.3020112580329258e-08,0.15551234602928155,0.0,-0.15551234602928155,False,False,watermarked_training
PROTEINS,same_label,subtle,1,1056048104,0.05,1,8,9,False,779,166,168,38,741,38,0.6786,0.6905,-0.0119,0.7923241602747064,0.9149425139552668,0.9149425139552668,0.1802666077488347,0.0,4.2055582994281195,0.00015850841929208607,0.0,1.0,0.1226183536805604,0.1226183536805604,0.0,True,0.7923241602747064,0.9149425139552668,0.7923241602747064,0.0,0.1802666077488347,0.0,1.0,-4.2055582994281195,0.00015850841929208607,0.1226183536805604,0.0,-0.1226183536805604,False,False,watermarked_training
PROTEINS,same_label,subtle,1,1056048104,0.05,3,8,11,False,779,166,168,38,741,38,0.6786,0.7143,-0.0357,0.8179549763077184,0.8825648615234777,0.8825648615234777,0.18024577278839915,0.0,1.9303967772949528,0.061249264036995266,0.0,1.0,0.06460988521575928,0.06460988521575928,0.0,True,0.8179549763077184,0.8825648615234777,0.8179549763077184,0.0,0.18024577278839915,0.0,1.0,-1.9303967772949528,0.061249264036995266,0.06460988521575928,0.0,-0.06460988521575928,False,False,watermarked_training
PROTEINS,same_label,subtle,1,1056048104,0.05,5,8,13,False,779,166,168,38,741,38,0.6786,0.6845,-0.006,0.8350272853123514,0.9589060654765681,0.9589060654765681,0.1630192242170635,0.0,4.875924368666479,2.0684333290079706e-05,0.0,1.0,0.12387878016421672,0.12387878016421672,0.0,True,0.8350272853123514,0.9589060654765681,0.8350272853123514,0.0,0.1630192242170635,0.0,1.0,-4.875924368666479,2.0684333290079706e-05,0.12387878016421672,0.0,-0.12387878016421672,False,False,watermarked_training
PROTEINS,same_label,subtle,1,1056048104,0.05,10,8,18,False,779,166,168,38,741,38,0.6786,0.7024,-0.0238,0.8756271161531147,0.9529862952859778,0.9529862952859778,0.1103596922598387,0.0,3.749028441342817,0.0006058094381407722,0.0,1.0,0.07735917913286305,0.07735917913286305,0.0,True,0.8756271161531147,0.9529862952859778,0.8756271161531147,0.0,0.1103596922598387,0.0,1.0,-3.749028441342817,0.0006058094381407722,0.07735917913286305,0.0,-0.07735917913286305,False,False,watermarked_training
PROTEINS,same_label,subtle,1,1056048104,0.05,20,8,28,False,779,166,168,38,741,38,0.6786,0.6964,-0.0179,0.9304790449769873,0.9464321936431684,0.9464321936431684,0.08282940638692755,0.0,0.7795365728890927,0.4406217040840458,0.0,1.0,0.01595314866618114,0.01595314866618114,0.0,True,0.9304790449769873,0.9464321936431684,0.9304790449769873,0.0,0.08282940638692755,0.0,1.0,-0.7795365728890927,0.4406217040840458,0.01595314866618114,0.0,-0.01595314866618114,False,False,watermarked_training
PROTEINS,same_label,subtle,1,1056048104,0.1,1,8,9,False,779,166,168,77,702,50,0.6786,0.6845,-0.006,0.787710245847702,0.8617055666446686,0.8617055666446686,0.1820970344543457,0.0,2.476972608826517,0.01674882596878472,0.0,1.0,0.07399532079696658,0.07399532079696658,0.0,True,0.787710245847702,0.8617055666446686,0.787710245847702,0.0,0.1820970344543457,0.0,1.0,-2.476972608826517,0.01674882596878472,0.07399532079696658,0.0,-0.07399532079696658,False,False,watermarked_training
PROTEINS,same_label,subtle,1,1056048104,0.1,3,8,11,False,779,166,168,77,702,50,0.6786,0.6607,0.0179,0.8108592689037323,0.8552864098548889,0.8552864098548889,0.18297211289405824,0.0,1.4423611203458206,0.1555623966384897,0.0,1.0,0.04442714095115663,0.04442714095115663,0.0,True,0.8108592689037323,0.8552864098548889,0.8108592689037323,0.0,0.18297211289405824,0.0,1.0,-1.4423611203458206,0.1555623966384897,0.04442714095115663,0.0,-0.04442714095115663,False,False,watermarked_training
PROTEINS,same_label,subtle,1,1056048104,0.1,5,8,13,False,779,166,168,77,702,50,0.6786,0.6726,0.006,0.8335361015796662,0.9515079033374786,0.9515079033374786,0.13786429405212403,0.0,6.914183250547545,9.009461471787435e-09,0.0,1.0,0.11797180175781241,0.11797180175781241,0.0,True,0.8335361015796662,0.9515079033374786,0.8335361015796662,0.0,0.13786429405212403,0.0,1.0,-6.914183250547545,9.009461471787435e-09,0.11797180175781241,0.0,-0.11797180175781241,False,False,watermarked_training
PROTEINS,same_label,subtle,1,1056048104,0.1,10,8,18,False,779,166,168,77,702,50,0.6786,0.6607,0.0179,0.8689287149906159,0.9019356894493104,0.9019356894493104,0.11560506701469421,0.0,1.549069795418388,0.12780017957835957,0.0,1.0,0.033006974458694494,0.033006974458694494,0.0,True,0.8689287149906159,0.9019356894493104,0.8689287149906159,0.0,0.11560506701469421,0.0,1.0,-1.549069795418388,0.12780017957835957,0.033006974458694494,0.0,-0.033006974458694494,False,False,watermarked_training
PROTEINS,same_label,subtle,1,1056048104,0.1,20,8,28,False,779,166,168,77,702,50,0.6786,0.6667,0.0119,0.9175835633277893,0.9386757445335389,0.9386757445335389,0.0953754186630249,0.0,1.0454051890235339,0.30096561734876953,0.0,1.0,0.021092181205749516,0.021092181205749516,0.0,True,0.9175835633277893,0.9386757445335389,0.9175835633277893,0.0,0.0953754186630249,0.0,1.0,-1.0454051890235339,0.30096561734876953,0.021092181205749516,0.0,-0.021092181205749516,False,False,watermarked_training
PROTEINS,same_label,subtle,1,1056048104,0.2,1,8,9,False,779,166,168,155,624,50,0.6786,0.625,0.0536,0.8126132726669312,0.9757789063453675,0.9757789063453675,0.17115380764007568,0.0,10.112524668937642,1.3867001320863732e-13,0.0,1.0,0.16316563367843628,0.16316563367843628,0.0,True,0.8126132726669312,0.9757789063453675,0.8126132726669312,0.0,0.17115380764007568,0.0,1.0,-10.112524668937642,1.3867001320863732e-13,0.16316563367843628,0.0,-0.16316563367843628,False,False,watermarked_training
PROTEINS,same_label,subtle,1,1056048104,0.2,3,8,11,False,779,166,168,155,624,50,0.6786,0.6012,0.0774,0.83779048204422,0.987702317237854,0.987702317237854,0.15595221042633056,0.0,10.8835709230245,1.1241564406880991e-14,0.0,1.0,0.14991183519363394,0.14991183519363394,0.0,True,0.83779048204422,0.987702317237854,0.83779048204422,0.0,0.15595221042633056,0.0,1.0,-10.8835709230245,1.1241564406880991e-14,0.14991183519363394,0.0,-0.14991183519363394,False,False,watermarked_training
PROTEINS,same_label,subtle,1,1056048104,0.2,5,8,13,False,779,166,168,155,624,50,0.6786,0.6071,0.0714,0.864098825454712,0.9904668736457825,0.9904668736457825,0.1268813943862915,0.0,10.6366075083422,2.493520685449579e-14,0.0,1.0,0.1263680481910705,0.1263680481910705,0.0,True,0.864098825454712,0.9904668736457825,0.864098825454712,0.0,0.1268813943862915,0.0,1.0,-10.6366075083422,2.493520685449579e-14,0.1263680481910705,0.0,-0.1263680481910705,False,False,watermarked_training
PROTEINS,same_label,subtle,1,1056048104,0.2,10,8,18,False,779,166,168,155,624,50,0.6786,0.6429,0.0357,0.9071870744228363,0.9842250776290894,0.9842250776290894,0.08148625731468201,0.0,8.548556256455813,2.8035942504908782e-11,0.0,1.0,0.07703800320625309,0.07703800320625309,0.0,True,0.9071870744228363,0.9842250776290894,0.9071870744228363,0.0,0.08148625731468201,0.0,1.0,-8.548556256455813,2.8035942504908782e-11,0.07703800320625309,0.0,-0.07703800320625309,False,False,watermarked_training
PROTEINS,same_label,subtle,1,1056048104,0.2,20,8,28,False,779,166,168,155,624,50,0.6786,0.631,0.0476,0.9540553486347199,0.9957223904132843,0.9957223904132843,0.044020619392395016,0.0,5.110442896776173,5.2910335592071336e-06,0.0,1.0,0.041667041778564395,0.041667041778564395,0.0,True,0.9540553486347199,0.9957223904132843,0.9540553486347199,0.0,0.044020619392395016,0.0,1.0,-5.110442896776173,5.2910335592071336e-06,0.041667041778564395,0.0,-0.041667041778564395,False,False,watermarked_training
PROTEINS,same_label,subtle,1,1056048104,0.3,1,8,9,False,779,166,168,233,546,50,0.6786,0.619,0.0595,0.7902961921691894,0.9673821341991424,0.9673821341991424,0.18999757170677184,0.0,9.20606935225001,2.9132321728237275e-12,0.0,1.0,0.17708594202995298,0.17708594202995298,0.0,True,0.7902961921691894,0.9673821341991424,0.7902961921691894,0.0,0.18999757170677184,0.0,1.0,-9.20606935225001,2.9132321728237275e-12,0.17708594202995298,0.0,-0.17708594202995298,False,False,watermarked_training
PROTEINS,same_label,subtle,1,1056048104,0.3,3,8,11,False,779,166,168,233,546,50,0.6786,0.6131,0.0655,0.817117131948471,0.9491149866580963,0.9491149866580963,0.16091984987258912,0.0,6.507399492169693,3.846604535481513e-08,0.0,1.0,0.13199785470962533,0.13199785470962533,0.0,True,0.817117131948471,0.9491149866580963,0.817117131948471,0.0,0.16091984987258912,0.0,1.0,-6.507399492169693,3.846604535481513e-08,0.13199785470962533,0.0,-0.13199785470962533,False,False,watermarked_training
PROTEINS,same_label,subtle,1,1056048104,0.3,5,8,13,False,779,166,168,233,546,50,0.6786,0.6131,0.0655,0.8385880959033966,0.9568272149562835,0.9568272149562835,0.15121607065200807,0.0,6.41201100361563,5.4050484842712966e-08,0.0,1.0,0.11823911905288698,0.11823911905288698,0.0,True,0.8385880959033966,0.9568272149562835,0.8385880959033966,0.0,0.15121607065200807,0.0,1.0,-6.41201100361563,5.4050484842712966e-08,0.11823911905288698,0.0,-0.11823911905288698,False,False,watermarked_training
PROTEINS,same_label,subtle,1,1056048104,0.3,10,8,18,False,779,166,168,233,546,50,0.6786,0.6429,0.0357,0.8837507331371307,0.9954063618183135,0.9954063618183135,0.11165562868118287,0.0,7.811408777102287,3.7150346019008524e-10,0.0,1.0,0.11165562868118284,0.11165562868118284,0.0,True,0.8837507331371307,0.9954063618183135,0.8837507331371307,0.0,0.11165562868118287,0.0,1.0,-7.811408777102287,3.7150346019008524e-10,0.11165562868118284,0.0,-0.11165562868118284,False,False,watermarked_training
PROTEINS,same_label,subtle,1,1056048104,0.3,20,8,28,False,779,166,168,233,546,50,0.6786,0.625,0.0536,0.9300038766860962,0.9804220175743104,0.9804220175743104,0.07780531406402588,0.0,2.866576173287719,0.006099696306164599,0.0,1.0,0.05041814088821417,0.05041814088821417,0.0,True,0.9300038766860962,0.9804220175743104,0.9300038766860962,0.0,0.07780531406402588,0.0,1.0,-2.866576173287719,0.006099696306164599,0.05041814088821417,0.0,-0.05041814088821417,False,False,watermarked_training
PROTEINS,same_label,subtle,2,3771441804,0.05,1,8,9,False,779,166,168,38,741,38,0.6905,0.7143,-0.0238,0.735441328663575,0.7936709993763974,0.7936709993763974,0.11098822951316833,0.0,2.5573393309425483,0.01478033083396161,0.0,1.0,0.05822967071282237,0.05822967071282237,0.0,True,0.735441328663575,0.7936709993763974,0.735441328663575,0.0,0.11098822951316833,0.0,1.0,-2.5573393309425483,0.01478033083396161,0.05822967071282237,0.0,-0.05822967071282237,False,False,watermarked_training
PROTEINS,same_label,subtle,2,3771441804,0.05,3,8,11,False,779,166,168,38,741,38,0.6905,0.7262,-0.0357,0.7416039736647355,0.8182126848321212,0.8182126848321212,0.12464165060143721,0.0,3.4199608635389365,0.0015401425140298861,0.0,1.0,0.07660871116738566,0.07660871116738566,0.0,True,0.7416039736647355,0.8182126848321212,0.7416039736647355,0.0,0.12464165060143721,0.0,1.0,-3.4199608635389365,0.0015401425140298861,0.07660871116738566,0.0,-0.07660871116738566,False,False,watermarked_training
PROTEINS,same_label,subtle,2,3771441804,0.05,5,8,13,False,779,166,168,38,741,38,0.6905,0.7262,-0.0357,0.7456759779076827,0.8895071682177091,0.8895071682177091,0.1695851432649713,0.0,5.699351753427385,1.6037355170921097e-06,0.0,1.0,0.14383119031002645,0.14383119031002645,0.0,True,0.7456759779076827,0.8895071682177091,0.7456759779076827,0.0,0.1695851432649713,0.0,1.0,-5.699351753427385,1.6037355170921097e-06,0.14383119031002645,0.0,-0.14383119031002645,False,False,watermarked_training
PROTEINS,same_label,subtle,2,3771441804,0.05,10,8,18,False,779,166,168,38,741,38,0.6905,0.7202,-0.0298,0.7612934159605127,0.9442425480014399,0.9442425480014399,0.18455031984730771,0.0,8.18127495956268,8.058828421369566e-10,0.0,1.0,0.18294913204092722,0.18294913204092722,0.0,True,0.7612934159605127,0.9442425480014399,0.7612934159605127,0.0,0.18455031984730771,0.0,1.0,-8.18127495956268,8.058828421369566e-10,0.18294913204092722,0.0,-0.18294913204092722,False,False,watermarked_training
PROTEINS,same_label,subtle,2,3771441804,0.05,20,8,28,False,779,166,168,38,741,38,0.6905,0.7262,-0.0357,0.7963510202734094,0.9359301077692133,0.9359301077692133,0.17076819978262248,0.0,5.5970175276642875,2.2066915093798998e-06,0.0,1.0,0.13957908749580383,0.13957908749580383,0.0,True,0.7963510202734094,0.9359301077692133,0.7963510202734094,0.0,0.17076819978262248,0.0,1.0,-5.5970175276642875,2.2066915093798998e-06,0.13957908749580383,0.0,-0.13957908749580383,False,False,watermarked_training
PROTEINS,same_label,subtle,2,3771441804,0.1,1,8,9,False,779,166,168,77,702,50,0.6905,0.6786,0.0119,0.7098200011253357,0.9386844193935394,0.9386844193935394,0.24960678696632385,0.0,10.206883713354964,1.0156282269537356e-13,0.0,1.0,0.2288644182682037,0.2288644182682037,0.0,True,0.7098200011253357,0.9386844193935394,0.7098200011253357,0.0,0.24960678696632385,0.0,1.0,-10.206883713354964,1.0156282269537356e-13,0.2288644182682037,0.0,-0.2288644182682037,False,False,watermarked_training
PROTEINS,same_label,subtle,2,3771441804,0.1,3,8,11,False,779,166,168,77,702,50,0.6905,0.7024,-0.0119,0.7157943308353424,0.9529253268241882,0.9529253268241882,0.24272862553596497,0.0,11.482495310576882,1.6817868956734105e-15,0.0,1.0,0.2371309959888458,0.2371309959888458,0.0,True,0.7157943308353424,0.9529253268241882,0.7157943308353424,0.0,0.24272862553596497,0.0,1.0,-11.482495310576882,1.6817868956734105e-15,0.2371309959888458,0.0,-0.2371309959888458,False,False,watermarked_training
PROTEINS,same_label,subtle,2,3771441804,0.1,5,8,13,False,779,166,168,77,702,50,0.6905,0.6607,0.0298,0.717127377986908,0.967959121465683,0.967959121465683,0.2575998890399933,0.0,11.536295984604477,1.4211388387254278e-15,0.0,1.0,0.250831743478775,0.250831743478775,0.0,True,0.717127377986908,0.967959121465683,0.717127377986908,0.0,0.2575998890399933,0.0,1.0,-11.536295984604477,1.4211388387254278e-15,0.250831743478775,0.0,-0.250831743478775,False,False,watermarked_training
PROTEINS,same_label,subtle,2,3771441804,0.1,10,8,18,False,779,166,168,77,702,50,0.6905,0.6845,0.006,0.7397907710075379,0.9570992314815521,0.9570992314815521,0.23615903973579408,0.0,8.907420412954355,8.104030868228167e-12,0.0,1.0,0.2173084604740142,0.2173084604740142,0.0,True,0.7397907710075379,0.9570992314815521,0.7397907710075379,0.0,0.23615903973579408,0.0,1.0,-8.907420412954355,8.104030868228167e-12,0.2173084604740142,0.0,-0.2173084604740142,False,False,watermarked_training
PROTEINS,same_label,subtle,2,3771441804,0.1,20,8,28,False,779,166,168,77,702,50,0.6905,0.7202,-0.0298,0.7969854998588563,0.9789089667797088,0.9789089667797088,0.20167518496513367,0.0,8.057896194257475,1.5585087010968403e-10,0.0,1.0,0.1819234669208526,0.1819234669208526,0.0,True,0.7969854998588563,0.9789089667797088,0.7969854998588563,0.0,0.20167518496513367,0.0,1.0,-8.057896194257475,1.5585087010968403e-10,0.1819234669208526,0.0,-0.1819234669208526,False,False,watermarked_training
PROTEINS,same_label,subtle,2,3771441804,0.2,1,8,9,False,779,166,168,155,624,50,0.6905,0.6607,0.0298,0.723974175453186,0.8394066703319549,0.8394066703319549,0.1885278904438019,0.0,3.838749973868729,0.00035494017862783533,0.0,1.0,0.11543249487876894,0.11543249487876894,0.0,True,0.723974175453186,0.8394066703319549,0.723974175453186,0.0,0.1885278904438019,0.0,1.0,-3.838749973868729,0.00035494017862783533,0.11543249487876894,0.0,-0.11543249487876894,False,False,watermarked_training
PROTEINS,same_label,subtle,2,3771441804,0.2,3,8,11,False,779,166,168,155,624,50,0.6905,0.6488,0.0417,0.7360801887512207,0.8987761044502258,0.8987761044502258,0.21055192947387696,0.0,5.976586690443875,2.5430493080493476e-07,0.0,1.0,0.1626959156990051,0.1626959156990051,0.0,True,0.7360801887512207,0.8987761044502258,0.7360801887512207,0.0,0.21055192947387696,0.0,1.0,-5.976586690443875,2.5430493080493476e-07,0.1626959156990051,0.0,-0.1626959156990051,False,False,watermarked_training
PROTEINS,same_label,subtle,2,3771441804,0.2,5,8,13,False,779,166,168,155,624,50,0.6905,0.6726,0.0179,0.7350807130336762,0.9210722720623017,0.9210722720623017,0.22197090864181518,0.0,6.962684642126784,7.578057516893603e-09,0.0,1.0,0.18599155902862552,0.18599155902862552,0.0,True,0.7350807130336762,0.9210722720623017,0.7350807130336762,0.0,0.22197090864181518,0.0,1.0,-6.962684642126784,7.578057516893603e-09,0.18599155902862552,0.0,-0.18599155902862552,False,False,watermarked_training
PROTEINS,same_label,subtle,2,3771441804,0.2,10,8,18,False,779,166,168,155,624,50,0.6905,0.6667,0.0238,0.7460386860370636,0.9722815907001495,0.9722815907001495,0.24065140008926392,0.0,9.183218395003946,3.1494101766414164e-12,0.0,1.0,0.22624290466308594,0.22624290466308594,0.0,True,0.7460386860370636,0.9722815907001495,0.7460386860370636,0.0,0.24065140008926392,0.0,1.0,-9.183218395003946,3.1494101766414164e-12,0.22624290466308594,0.0,-0.22624290466308594,False,False,watermarked_training
PROTEINS,same_label,subtle,2,3771441804,0.2,20,8,28,False,779,166,168,155,624,50,0.6905,0.6548,0.0357,0.8055128979682923,0.9829194808006286,0.9829194808006286,0.18514278411865234,0.0,7.980665097100732,2.0451162721550197e-10,0.0,1.0,0.17740658283233635,0.17740658283233635,0.0,True,0.8055128979682923,0.9829194808006286,0.8055128979682923,0.0,0.18514278411865234,0.0,1.0,-7.980665097100732,2.0451162721550197e-10,0.17740658283233635,0.0,-0.17740658283233635,False,False,watermarked_training
PROTEINS,same_label,subtle,2,3771441804,0.3,1,8,9,False,779,166,168,233,546,50,0.6905,0.6667,0.0238,0.7393459141254425,0.9906582951545715,0.9906582951545715,0.2588131821155548,0.0,12.132769432308443,2.2526055313537656e-16,0.0,1.0,0.251312381029129,0.251312381029129,0.0,True,0.7393459141254425,0.9906582951545715,0.7393459141254425,0.0,0.2588131821155548,0.0,1.0,-12.132769432308443,2.2526055313537656e-16,0.251312381029129,0.0,-0.251312381029129,False,False,watermarked_training
PROTEINS,same_label,subtle,2,3771441804,0.3,3,8,11,False,779,166,168,233,546,50,0.6905,0.631,0.0595,0.756661628484726,0.9900563430786132,0.9900563430786132,0.23339471459388733,0.0,11.882021047308719,4.858945537210382e-16,0.0,1.0,0.23339471459388728,0.23339471459388728,0.0,True,0.756661628484726,0.9900563430786132,0.756661628484726,0.0,0.23339471459388733,0.0,1.0,-11.882021047308719,4.858945537210382e-16,0.23339471459388728,0.0,-0.23339471459388728,False,False,watermarked_training
PROTEINS,same_label,subtle,2,3771441804,0.3,5,8,13,False,779,166,168,233,546,50,0.6905,0.6131,0.0774,0.7614259541034698,0.95911092877388,0.95911092877388,0.22364093780517577,0.0,8.083040045566948,1.4266912553579496e-10,0.0,1.0,0.19768497467041024,0.19768497467041024,0.0,True,0.7614259541034698,0.95911092877388,0.7614259541034698,0.0,0.22364093780517577,0.0,1.0,-8.083040045566948,1.4266912553579496e-10,0.19768497467041024,0.0,-0.19768497467041024,False,False,watermarked_training
PROTEINS,same_label,subtle,2,3771441804,0.3,10,8,18,False,779,166,168,233,546,50,0.6905,0.625,0.0655,0.7823524737358093,0.9838483047485351,0.9838483047485351,0.20573394060134886,0.0,9.522855496231097,9.944778977555666e-13,0.0,1.0,0.20149583101272583,0.20149583101272583,0.0,True,0.7823524737358093,0.9838483047485351,0.7823524737358093,0.0,0.20573394060134886,0.0,1.0,-9.522855496231097,9.944778977555666e-13,0.20149583101272583,0.0,-0.20149583101272583,False,False,watermarked_training
PROTEINS,same_label,subtle,2,3771441804,0.3,20,8,28,False,779,166,168,233,546,50,0.6905,0.6369,0.0536,0.843962287902832,0.9967767548561096,0.9967767548561096,0.1558038568496704,0.0,7.907230949124295,2.6490687606504524e-10,0.0,1.0,0.1528144669532776,0.1528144669532776,0.0,True,0.843962287902832,0.9967767548561096,0.843962287902832,0.0,0.1558038568496704,0.0,1.0,-7.907230949124295,2.6490687606504524e-10,0.1528144669532776,0.0,-0.1528144669532776,False,False,watermarked_training
PROTEINS,same_label,subtle,3,2713782687,0.05,1,8,9,False,779,166,168,38,741,38,0.7202,0.7083,0.0119,0.7041777999777543,0.7684692709069503,0.7684692709069503,0.17376756981799477,0.0,1.995930258192716,0.053341693431784756,0.0,1.0,0.06429147092919596,0.06429147092919596,0.0,True,0.7041777999777543,0.7684692709069503,0.7041777999777543,0.0,0.17376756981799477,0.0,1.0,-1.995930258192716,0.053341693431784756,0.06429147092919596,0.0,-0.06429147092919596,False,False,watermarked_training
PROTEINS,same_label,subtle,3,2713782687,0.05,3,8,11,False,779,166,168,38,741,38,0.7202,0.6845,0.0357,0.7172442643265975,0.726460685855464,0.726460685855464,0.14829859921806737,0.0,0.30086336233799377,0.7652029255786884,0.0,1.0,0.00921642152886648,0.00921642152886648,0.0,True,0.7172442643265975,0.726460685855464,0.7172442643265975,0.0,0.14829859921806737,0.0,1.0,-0.30086336233799377,0.7652029255786884,0.00921642152886648,0.0,-0.00921642152886648,False,False,watermarked_training
PROTEINS,same_label,subtle,3,2713782687,0.05,5,8,13,False,779,166,168,38,741,38,0.7202,0.6726,0.0476,0.7317207737972862,0.74141652333109,0.74141652333109,0.13953311819779246,0.0,0.32481396383360484,0.7471513305934427,0.0,1.0,0.00969574953380381,0.00969574953380381,0.0,True,0.7317207737972862,0.74141652333109,0.7317207737972862,0.0,0.13953311819779246,0.0,1.0,-0.32481396383360484,0.7471513305934427,0.00969574953380381,0.0,-0.00969574953380381,False,False,watermarked_training
PROTEINS,same_label,subtle,3,2713782687,0.05,10,8,18,False,779,166,168,38,741,38,0.7202,0.6905,0.0298,0.7638665265158603,0.7747919261455536,0.7747919261455536,0.18023226763072767,0.0,0.29978945024320175,0.7660155390929678,0.0,1.0,0.0109253996296933,0.0109253996296933,0.0,True,0.7638665265158603,0.7747919261455536,0.7638665265158603,0.0,0.18023226763072767,0.0,1.0,-0.29978945024320175,0.7660155390929678,0.0109253996296933,0.0,-0.0109253996296933,False,False,watermarked_training
PROTEINS,same_label,subtle,3,2713782687,0.05,20,8,28,False,779,166,168,38,741,38,0.7202,0.7024,0.0179,0.8155408580052225,0.8151517839808213,0.8151517839808213,0.2407534498917429,0.0,-0.008738260285762163,0.9930749119951284,0.0,1.0,-0.00038907402440113703,-0.00038907402440113703,0.0,False,0.8155408580052225,0.8151517839808213,0.8155408580052225,0.0,0.2407534498917429,0.0,1.0,0.008738260285762163,0.9930749119951284,-0.00038907402440113703,0.0,0.00038907402440113703,False,False,watermarked_training
PROTEINS,same_label,subtle,3,2713782687,0.1,1,8,9,False,779,166,168,77,702,50,0.7202,0.6905,0.0298,0.7210420167446137,0.8202303946018219,0.8202303946018219,0.1861928129196167,0.0,3.5156862181398147,0.0009553241849394223,0.0,1.0,0.09918837785720824,0.09918837785720824,0.0,True,0.7210420167446137,0.8202303946018219,0.7210420167446137,0.0,0.1861928129196167,0.0,1.0,-3.5156862181398147,0.0009553241849394223,0.09918837785720824,0.0,-0.09918837785720824,False,False,watermarked_training
PROTEINS,same_label,subtle,3,2713782687,0.1,3,8,11,False,779,166,168,77,702,50,0.7202,0.6845,0.0357,0.7322504913806915,0.8805801284313202,0.8805801284313202,0.211539626121521,0.0,5.176940691591514,4.2051650354213535e-06,0.0,1.0,0.14832963705062863,0.14832963705062863,0.0,True,0.7322504913806915,0.8805801284313202,0.7322504913806915,0.0,0.211539626121521,0.0,1.0,-5.176940691591514,4.2051650354213535e-06,0.14832963705062863,0.0,-0.14832963705062863,False,False,watermarked_training
PROTEINS,same_label,subtle,3,2713782687,0.1,5,8,13,False,779,166,168,77,702,50,0.7202,0.7202,0.0,0.7439664018154144,0.8428575527668,0.8428575527668,0.1911727738380432,0.0,3.501797229851907,0.000995951337033692,0.0,1.0,0.09889115095138556,0.09889115095138556,0.0,True,0.7439664018154144,0.8428575527668,0.7439664018154144,0.0,0.1911727738380432,0.0,1.0,-3.501797229851907,0.000995951337033692,0.09889115095138556,0.0,-0.09889115095138556,False,False,watermarked_training
PROTEINS,same_label,subtle,3,2713782687,0.1,10,8,18,False,779,166,168,77,702,50,0.7202,0.6964,0.0238,0.769612295627594,0.89914306640625,0.89914306640625,0.182188241481781,0.0,5.087562740664282,5.725229737822074e-06,0.0,1.0,0.12953077077865593,0.12953077077865593,0.0,True,0.769612295627594,0.89914306640625,0.769612295627594,0.0,0.182188241481781,0.0,1.0,-5.087562740664282,5.725229737822074e-06,0.12953077077865593,0.0,-0.12953077077865593,False,False,watermarked_training
PROTEINS,same_label,subtle,3,2713782687,0.1,20,8,28,False,779,166,168,77,702,50,0.7202,0.6786,0.0417,0.8033874022960663,0.9235285627841949,0.9235285627841949,0.15392197847366332,0.0,5.158179291349084,4.487029536641603e-06,0.0,1.0,0.12014116048812862,0.12014116048812862,0.0,True,0.8033874022960663,0.9235285627841949,0.8033874022960663,0.0,0.15392197847366332,0.0,1.0,-5.158179291349084,4.487029536641603e-06,0.12014116048812862,0.0,-0.12014116048812862,False,False,watermarked_training
PROTEINS,same_label,subtle,3,2713782687,0.2,1,8,9,False,779,166,168,155,624,50,0.7202,0.6845,0.0357,0.7222462153434753,0.9597599864006042,0.9597599864006042,0.2594847297668457,0.0,9.021962717316965,5.467802461387876e-12,0.0,1.0,0.2375137710571289,0.2375137710571289,0.0,True,0.7222462153434753,0.9597599864006042,0.7222462153434753,0.0,0.2594847297668457,0.0,1.0,-9.021962717316965,5.467802461387876e-12,0.2375137710571289,0.0,-0.2375137710571289,False,False,watermarked_training
PROTEINS,same_label,subtle,3,2713782687,0.2,3,8,11,False,779,166,168,155,624,50,0.7202,0.6607,0.0595,0.7350127029418946,0.9363781297206879,0.9363781297206879,0.24933651566505433,0.0,6.839151091685091,1.1775159977382554e-08,0.0,1.0,0.20136542677879332,0.20136542677879332,0.0,True,0.7350127029418946,0.9363781297206879,0.7350127029418946,0.0,0.24933651566505433,0.0,1.0,-6.839151091685091,1.1775159977382554e-08,0.20136542677879332,0.0,-0.20136542677879332,False,False,watermarked_training
PROTEINS,same_label,subtle,3,2713782687,0.2,5,8,13,False,779,166,168,155,624,50,0.7202,0.6964,0.0238,0.7502127397060394,0.8328218007087708,0.8328218007087708,0.19633207201957703,0.0,2.6656771196686084,0.01037726354461862,0.0,1.0,0.08260906100273135,0.08260906100273135,0.0,True,0.7502127397060394,0.8328218007087708,0.7502127397060394,0.0,0.19633207201957703,0.0,1.0,-2.6656771196686084,0.01037726354461862,0.08260906100273135,0.0,-0.08260906100273135,False,False,watermarked_training
PROTEINS,same_label,subtle,3,2713782687,0.2,10,8,18,False,779,166,168,155,624,50,0.7202,0.6726,0.0476,0.7777769875526428,0.9174831759929657,0.9174831759929657,0.18155870079994202,0.0,5.657346194056733,7.856883925635866e-07,0.0,1.0,0.1397061884403229,0.1397061884403229,0.0,True,0.7777769875526428,0.9174831759929657,0.7777769875526428,0.0,0.18155870079994202,0.0,1.0,-5.657346194056733,7.856883925635866e-07,0.1397061884403229,0.0,-0.1397061884403229,False,False,watermarked_training
PROTEINS,same_label,subtle,3,2713782687,0.2,20,8,28,False,779,166,168,155,624,50,0.7202,0.6905,0.0298,0.824370299577713,0.9428251910209656,0.9428251910209656,0.14942758202552794,0.0,5.347402460141858,2.326730848524419e-06,0.0,1.0,0.11845489144325261,0.11845489144325261,0.0,True,0.824370299577713,0.9428251910209656,0.824370299577713,0.0,0.14942758202552794,0.0,1.0,-5.347402460141858,2.326730848524419e-06,0.11845489144325261,0.0,-0.11845489144325261,False,False,watermarked_training
PROTEINS,same_label,subtle,3,2713782687,0.3,1,8,9,False,779,166,168,233,546,50,0.7202,0.6726,0.0476,0.6872589278221131,0.942888412475586,0.942888412475586,0.3024687027931213,0.0,8.855299129702274,9.697325015488797e-12,0.0,1.0,0.2556294846534729,0.2556294846534729,0.0,True,0.6872589278221131,0.942888412475586,0.6872589278221131,0.0,0.3024687027931213,0.0,1.0,-8.855299129702274,9.697325015488797e-12,0.2556294846534729,0.0,-0.2556294846534729,False,False,watermarked_training
PROTEINS,same_label,subtle,3,2713782687,0.3,3,8,11,False,779,166,168,233,546,50,0.7202,0.6786,0.0417,0.6963758754730225,0.9614781308174133,0.9614781308174133,0.2916024899482727,0.0,10.673187043152073,2.2149081355053887e-14,0.0,1.0,0.2651022553443908,0.2651022553443908,0.0,True,0.6963758754730225,0.9614781308174133,0.6963758754730225,0.0,0.2916024899482727,0.0,1.0,-10.673187043152073,2.2149081355053887e-14,0.2651022553443908,0.0,-0.2651022553443908,False,False,watermarked_training
PROTEINS,same_label,subtle,3,2713782687,0.3,5,8,13,False,779,166,168,233,546,50,0.7202,0.6667,0.0536,0.7077747714519501,0.9190102410316467,0.9190102410316467,0.2561895048618317,0.0,7.729771540888443,4.957795069223404e-10,0.0,1.0,0.21123546957969663,0.21123546957969663,0.0,True,0.7077747714519501,0.9190102410316467,0.7077747714519501,0.0,0.2561895048618317,0.0,1.0,-7.729771540888443,4.957795069223404e-10,0.21123546957969663,0.0,-0.21123546957969663,False,False,watermarked_training
PROTEINS,same_label,subtle,3,2713782687,0.3,10,8,18,False,779,166,168,233,546,50,0.7202,0.6845,0.0357,0.7290326189994812,0.9910633945465088,0.9910633945465088,0.2620307755470276,0.0,13.186780934540048,9.720601348594423e-18,0.0,1.0,0.2620307755470276,0.2620307755470276,0.0,True,0.7290326189994812,0.9910633945465088,0.7290326189994812,0.0,0.2620307755470276,0.0,1.0,-13.186780934540048,9.720601348594423e-18,0.2620307755470276,0.0,-0.2620307755470276,False,False,watermarked_training
PROTEINS,same_label,subtle,3,2713782687,0.3,20,8,28,False,779,166,168,233,546,50,0.7202,0.6607,0.0595,0.7802334010601044,0.9707035934925079,0.9707035934925079,0.22186927318573,0.0,6.981038937039576,7.097844772208943e-09,0.0,1.0,0.19047019243240348,0.19047019243240348,0.0,True,0.7802334010601044,0.9707035934925079,0.7802334010601044,0.0,0.22186927318573,0.0,1.0,-6.981038937039576,7.097844772208943e-09,0.19047019243240348,0.0,-0.19047019243240348,False,False,watermarked_training
PROTEINS,same_label,subtle,4,2690788645,0.05,1,8,9,False,779,166,168,38,741,38,0.6607,0.6429,0.0179,0.9166925235798484,0.9322168842742318,0.9322168842742318,0.03751609043071145,0.0,1.6113630262869378,0.11559971621018289,0.0,1.0,0.015524360694383343,0.015524360694383343,0.0,True,0.9166925235798484,0.9322168842742318,0.9166925235798484,0.0,0.03751609043071145,0.0,1.0,-1.6113630262869378,0.11559971621018289,0.015524360694383343,0.0,-0.015524360694383343,False,False,watermarked_training
PROTEINS,same_label,subtle,4,2690788645,0.05,3,8,11,False,779,166,168,38,741,38,0.6607,0.6429,0.0179,0.9286413710368308,0.9473065467257249,0.9473065467257249,0.049113609288868154,0.0,1.308575492682148,0.19874857904092544,0.0,1.0,0.018665175688894142,0.018665175688894142,0.0,True,0.9286413710368308,0.9473065467257249,0.9286413710368308,0.0,0.049113609288868154,0.0,1.0,-1.308575492682148,0.19874857904092544,0.018665175688894142,0.0,-0.018665175688894142,False,False,watermarked_training
PROTEINS,same_label,subtle,4,2690788645,0.05,10,8,18,False,779,166,168,38,741,38,0.6607,0.625,0.0357,0.9571463716657538,0.9683597762333719,0.9683597762333719,0.027322748773976377,0.0,1.639537337900111,0.10957771221869535,0.0,1.0,0.011213404567618102,0.011213404567618102,0.0,True,0.9571463716657538,0.9683597762333719,0.9571463716657538,0.0,0.027322748773976377,0.0,1.0,-1.639537337900111,0.10957771221869535,0.011213404567618102,0.0,-0.011213404567618102,False,False,watermarked_training
PROTEINS,same_label,subtle,4,2690788645,0.05,20,8,28,False,779,166,168,38,741,38,0.6607,0.6905,-0.0298,0.9795157972135042,0.9902391574884716,0.9902391574884716,0.020737185289985256,0.0,1.9947180075917008,0.05347950911491415,0.0,1.0,0.010723360274967342,0.010723360274967342,0.0,True,0.9795157972135042,0.9902391574884716,0.9795157972135042,0.0,0.020737185289985256,0.0,1.0,-1.9947180075917008,0.05347950911491415,0.010723360274967342,0.0,-0.010723360274967342,False,False,watermarked_training
PROTEINS,same_label,subtle,4,2690788645,0.1,1,8,9,False,779,166,168,77,702,50,0.6607,0.7202,-0.0595,0.92919508934021,0.9450239300727844,0.9450239300727844,0.04360260725021362,0.0,1.4064969086160533,0.1658873011230511,0.0,1.0,0.0158288407325744,0.0158288407325744,0.0,True,0.92919508934021,0.9450239300727844,0.92919508934021,0.0,0.04360260725021362,0.0,1.0,-1.4064969086160533,0.1658873011230511,0.0158288407325744,0.0,-0.0158288407325744,False,False,watermarked_training
PROTEINS,same_label,subtle,4,2690788645,0.1,3,8,11,False,779,166,168,77,702,50,0.6607,0.7202,-0.0595,0.9396047568321229,0.9705761456489563,0.9705761456489563,0.041311216354370114,0.0,3.144009565572432,0.0028293585215803134,0.0,1.0,0.03097138881683348,0.03097138881683348,0.0,True,0.9396047568321229,0.9705761456489563,0.9396047568321229,0.0,0.041311216354370114,0.0,1.0,-3.144009565572432,0.0028293585215803134,0.03097138881683348,0.0,-0.03097138881683348,False,False,watermarked_training
PROTEINS,same_label,subtle,4,2690788645,0.1,5,8,13,False,779,166,168,77,702,50,0.6607,0.7381,-0.0774,0.9474643564224243,0.9404792976379395,0.9404792976379395,0.03629521369934082,0.0,-0.7272908483371568,0.470508599521442,0.0,1.0,-0.006985058784484854,-0.006985058784484854,0.0,False,0.9474643564224243,0.9404792976379395,0.9474643564224243,0.0,0.03629521369934082,0.0,1.0,0.7272908483371568,0.470508599521442,-0.006985058784484854,0.0,0.006985058784484854,False,False,watermarked_training
PROTEINS,same_label,subtle,4,2690788645,0.1,10,8,18,False,779,166,168,77,702,50,0.6607,0.6905,-0.0298,0.9632250881195068,0.9803171348571778,0.9803171348571778,0.029229798316955567,0.0,2.0555853047155317,0.045171512979790975,0.0,1.0,0.01709204673767095,0.01709204673767095,0.0,True,0.9632250881195068,0.9803171348571778,0.9632250881195068,0.0,0.029229798316955567,0.0,1.0,-2.0555853047155317,0.045171512979790975,0.01709204673767095,0.0,-0.01709204673767095,False,False,watermarked_training
PROTEINS,same_label,subtle,4,2690788645,0.1,20,8,28,False,779,166,168,77,702,50,0.6607,0.6905,-0.0298,0.9819485521316529,0.9931482017040253,0.9931482017040253,0.013790620565414429,0.0,2.146009559119332,0.03685153314274381,0.0,1.0,0.011199649572372405,0.011199649572372405,0.0,True,0.9819485521316529,0.9931482017040253,0.9819485521316529,0.0,0.013790620565414429,0.0,1.0,-2.146009559119332,0.03685153314274381,0.011199649572372405,0.0,-0.011199649572372405,False,False,watermarked_training
PROTEINS,same_label,subtle,4,2690788645,0.2,1,8,9,False,779,166,168,155,624,50,0.6607,0.7321,-0.0714,0.9081519567966461,0.953952032327652,0.953952032327652,0.07247118711471558,0.0,3.0475470963898887,0.0037116583398602745,0.0,1.0,0.04580007553100596,0.04580007553100596,0.0,True,0.9081519567966461,0.953952032327652,0.9081519567966461,0.0,0.07247118711471558,0.0,1.0,-3.0475470963898887,0.0037116583398602745,0.04580007553100596,0.0,-0.04580007553100596,False,False,watermarked_training
PROTEINS,same_label,subtle,4,2690788645,0.2,3,8,11,False,779,166,168,155,624,50,0.6607,0.6726,-0.0119,0.9198538446426392,0.9638197159767151,0.9638197159767151,0.08173593759536743,0.0,2.7805840490283926,0.007677924810988252,0.0,1.0,0.04396587133407592,0.04396587133407592,0.0,True,0.9198538446426392,0.9638197159767151,0.9198538446426392,0.0,0.08173593759536743,0.0,1.0,-2.7805840490283926,0.007677924810988252,0.04396587133407592,0.0,-0.04396587133407592,False,False,watermarked_training
PROTEINS,same_label,subtle,4,2690788645,0.2,5,8,13,False,779,166,168,155,624,50,0.6607,0.6964,-0.0357,0.9310981512069703,0.9634558296203614,0.9634558296203614,0.06303478479385376,0.0,2.489676082845964,0.016228114431078994,0.0,1.0,0.0323576784133911,0.0323576784133911,0.0,True,0.9310981512069703,0.9634558296203614,0.9310981512069703,0.0,0.06303478479385376,0.0,1.0,-2.489676082845964,0.016228114431078994,0.0323576784133911,0.0,-0.0323576784133911,False,False,watermarked_training
PROTEINS,same_label,subtle,4,2690788645,0.2,10,8,18,False,779,166,168,155,624,50,0.6607,0.7083,-0.0476,0.9524298703670502,0.9900863075256348,0.9900863075256348,0.0404902184009552,0.0,4.215418895301348,0.00010682217119094734,0.0,1.0,0.03765643715858458,0.03765643715858458,0.0,True,0.9524298703670502,0.9900863075256348,0.9524298703670502,0.0,0.0404902184009552,0.0,1.0,-4.215418895301348,0.00010682217119094734,0.03765643715858458,0.0,-0.03765643715858458,False,False,watermarked_training
PROTEINS,same_label,subtle,4,2690788645,0.2,20,8,28,False,779,166,168,155,624,50,0.6607,0.7083,-0.0476,0.9764892423152923,0.987082781791687,0.987082781791687,0.024980920553207397,0.0,1.4764382510033036,0.14622445867445313,0.0,1.0,0.010593539476394631,0.010593539476394631,0.0,True,0.9764892423152923,0.987082781791687,0.9764892423152923,0.0,0.024980920553207397,0.0,1.0,-1.4764382510033036,0.14622445867445313,0.010593539476394631,0.0,-0.010593539476394631,False,False,watermarked_training
PROTEINS,same_label,subtle,4,2690788645,0.3,1,8,9,False,779,166,168,233,546,50,0.6607,0.7262,-0.0655,0.8934300458431244,0.965024652481079,0.965024652481079,0.09137249350547791,0.0,4.6888579587732,2.2284245508790258e-05,0.0,1.0,0.0715946066379547,0.0715946066379547,0.0,True,0.8934300458431244,0.965024652481079,0.8934300458431244,0.0,0.09137249350547791,0.0,1.0,-4.6888579587732,2.2284245508790258e-05,0.0715946066379547,0.0,-0.0715946066379547,False,False,watermarked_training
PROTEINS,same_label,subtle,4,2690788645,0.3,3,8,11,False,779,166,168,233,546,50,0.6607,0.7143,-0.0536,0.9064945995807647,0.9804254066944122,0.9804254066944122,0.08514673709869384,0.0,5.763052670414886,5.413044720027201e-07,0.0,1.0,0.07393080711364752,0.07393080711364752,0.0,True,0.9064945995807647,0.9804254066944122,0.9064945995807647,0.0,0.08514673709869384,0.0,1.0,-5.763052670414886,5.413044720027201e-07,0.07393080711364752,0.0,-0.07393080711364752,False,False,watermarked_training
PROTEINS,same_label,subtle,4,2690788645,0.3,5,8,13,False,779,166,168,233,546,50,0.6607,0.6667,-0.006,0.9166475808620453,0.9715597224235535,0.9715597224235535,0.06997963309288024,0.0,4.624009924106327,2.7711111140603237e-05,0.0,1.0,0.05491214156150814,0.05491214156150814,0.0,True,0.9166475808620453,0.9715597224235535,0.9166475808620453,0.0,0.06997963309288024,0.0,1.0,-4.624009924106327,2.7711111140603237e-05,0.05491214156150814,0.0,-0.05491214156150814,False,False,watermarked_training
PROTEINS,same_label,subtle,4,2690788645,0.3,10,8,18,False,779,166,168,233,546,50,0.6607,0.6905,-0.0298,0.9401187062263489,0.9830201423168182,0.9830201423168182,0.053123492002487185,0.0,4.604751067996467,2.9558683526768152e-05,0.0,1.0,0.04290143609046937,0.04290143609046937,0.0,True,0.9401187062263489,0.9830201423168182,0.9401187062263489,0.0,0.053123492002487185,0.0,1.0,-4.604751067996467,2.9558683526768152e-05,0.04290143609046937,0.0,-0.04290143609046937,False,False,watermarked_training
PROTEINS,same_label,subtle,4,2690788645,0.3,20,8,28,False,779,166,168,233,546,50,0.6607,0.7143,-0.0536,0.9664729130268097,0.9871326470375061,0.9871326470375061,0.02654795527458191,0.0,3.7939675244928637,0.0004081098321843443,0.0,1.0,0.02065973401069643,0.02065973401069643,0.0,True,0.9664729130268097,0.9871326470375061,0.9664729130268097,0.0,0.02654795527458191,0.0,1.0,-3.7939675244928637,0.0004081098321843443,0.02065973401069643,0.0,-0.02065973401069643,False,False,watermarked_training
PROTEINS,same_label,subtle,5,1027523584,0.05,1,8,9,False,779,166,168,38,741,38,0.6905,0.6964,-0.006,0.7115863938080637,0.8832367360591888,0.8832367360591888,0.21851769717116104,0.0,5.535933045555641,2.669596914488379e-06,0.0,1.0,0.1716503422511252,0.1716503422511252,0.0,True,0.7115863938080637,0.8832367360591888,0.7115863938080637,0.0,0.21851769717116104,0.0,1.0,-5.535933045555641,2.669596914488379e-06,0.1716503422511252,0.0,-0.1716503422511252,False,False,watermarked_training
PROTEINS,same_label,subtle,5,1027523584,0.05,3,8,11,False,779,166,168,38,741,38,0.6905,0.6964,-0.006,0.7211232216734635,0.8715434199885318,0.8715434199885318,0.23105854423422562,0.0,4.096333977230677,0.00021936691631524945,0.0,1.0,0.15042019831506825,0.15042019831506825,0.0,True,0.7211232216734635,0.8715434199885318,0.7211232216734635,0.0,0.23105854423422562,0.0,1.0,-4.096333977230677,0.00021936691631524945,0.15042019831506825,0.0,-0.15042019831506825,False,False,watermarked_training
PROTEINS,same_label,subtle,5,1027523584,0.05,5,8,13,False,779,166,168,38,741,38,0.6905,0.6964,-0.006,0.7343338696580184,0.9115560086149919,0.9115560086149919,0.247169039751354,0.0,5.166557536263521,8.422363655239988e-06,0.0,1.0,0.17722213895697347,0.17722213895697347,0.0,True,0.7343338696580184,0.9115560086149919,0.7343338696580184,0.0,0.247169039751354,0.0,1.0,-5.166557536263521,8.422363655239988e-06,0.17722213895697347,0.0,-0.17722213895697347,False,False,watermarked_training
PROTEINS,same_label,subtle,5,1027523584,0.05,10,8,18,False,779,166,168,38,741,38,0.6905,0.6964,-0.006,0.7621129861003474,0.9375420463712592,0.9375420463712592,0.2222487283380408,0.0,5.380811081489928,4.32798336265231e-06,0.0,1.0,0.17542906027091176,0.17542906027091176,0.0,True,0.7621129861003474,0.9375420463712592,0.7621129861003474,0.0,0.2222487283380408,0.0,1.0,-5.380811081489928,4.32798336265231e-06,0.17542906027091176,0.0,-0.17542906027091176,False,False,watermarked_training
PROTEINS,same_label,subtle,5,1027523584,0.05,20,8,28,False,779,166,168,38,741,38,0.6905,0.7024,-0.0119,0.8020659669449455,0.9498041334905123,0.9498041334905123,0.18539512941711828,0.0,4.708963643470186,3.453956810404476e-05,0.0,1.0,0.14773816654556682,0.14773816654556682,0.0,True,0.8020659669449455,0.9498041334905123,0.8020659669449455,0.0,0.18539512941711828,0.0,1.0,-4.708963643470186,3.453956810404476e-05,0.14773816654556682,0.0,-0.14773816654556682,False,False,watermarked_training
PROTEINS,same_label,subtle,5,1027523584,0.1,1,8,9,False,779,166,168,77,702,50,0.6905,0.6845,0.006,0.7231952619552612,0.9202599537372589,0.9202599537372589,0.22885709166526794,0.0,7.803735007026914,3.81711920274562e-10,0.0,1.0,0.1970646917819977,0.1970646917819977,0.0,True,0.7231952619552612,0.9202599537372589,0.7231952619552612,0.0,0.22885709166526794,0.0,1.0,-7.803735007026914,3.81711920274562e-10,0.1970646917819977,0.0,-0.1970646917819977,False,False,watermarked_training
PROTEINS,same_label,subtle,5,1027523584,0.1,3,8,11,False,779,166,168,77,702,50,0.6905,0.6786,0.0119,0.7288787972927093,0.9694363689422607,0.9694363689422607,0.2550223982334137,0.0,10.33951914467275,6.56783882310171e-14,0.0,1.0,0.24055757164955138,0.24055757164955138,0.0,True,0.7288787972927093,0.9694363689422607,0.7288787972927093,0.0,0.2550223982334137,0.0,1.0,-10.33951914467275,6.56783882310171e-14,0.24055757164955138,0.0,-0.24055757164955138,False,False,watermarked_training
PROTEINS,same_label,subtle,5,1027523584,0.1,5,8,13,False,779,166,168,77,702,50,0.6905,0.6607,0.0298,0.7427718019485474,0.9072854340076446,0.9072854340076446,0.22366129755973815,0.0,5.770678996717921,5.269275115349971e-07,0.0,1.0,0.1645136320590972,0.1645136320590972,0.0,True,0.7427718019485474,0.9072854340076446,0.7427718019485474,0.0,0.22366129755973815,0.0,1.0,-5.770678996717921,5.269275115349971e-07,0.1645136320590972,0.0,-0.1645136320590972,False,False,watermarked_training
PROTEINS,same_label,subtle,5,1027523584,0.1,10,8,18,False,779,166,168,77,702,50,0.6905,0.7083,-0.0179,0.781649911403656,0.92686847448349,0.92686847448349,0.19886663913726807,0.0,5.099806745240683,5.488679359840362e-06,0.0,1.0,0.14521856307983394,0.14521856307983394,0.0,True,0.781649911403656,0.92686847448349,0.781649911403656,0.0,0.19886663913726807,0.0,1.0,-5.099806745240683,5.488679359840362e-06,0.14521856307983394,0.0,-0.14521856307983394,False,False,watermarked_training
PROTEINS,same_label,subtle,5,1027523584,0.1,20,8,28,False,779,166,168,77,702,50,0.6905,0.7202,-0.0298,0.8158576726913452,0.9850620460510254,0.9850620460510254,0.1772095251083374,0.0,7.210327071993087,3.134858657940198e-09,0.0,1.0,0.1692043733596802,0.1692043733596802,0.0,True,0.8158576726913452,0.9850620460510254,0.8158576726913452,0.0,0.1772095251083374,0.0,1.0,-7.210327071993087,3.134858657940198e-09,0.1692043733596802,0.0,-0.1692043733596802,False,False,watermarked_training
PROTEINS,same_label,subtle,5,1027523584,0.2,1,8,9,False,779,166,168,155,624,50,0.6905,0.6786,0.0119,0.7014255082607269,0.9791099655628205,0.9791099655628205,0.2921492552757263,0.0,11.23558969938197,3.6599905810551516e-15,0.0,1.0,0.27768445730209357,0.27768445730209357,0.0,True,0.7014255082607269,0.9791099655628205,0.7014255082607269,0.0,0.2921492552757263,0.0,1.0,-11.23558969938197,3.6599905810551516e-15,0.27768445730209357,0.0,-0.27768445730209357,False,False,watermarked_training
PROTEINS,same_label,subtle,5,1027523584,0.2,3,8,11,False,779,166,168,155,624,50,0.6905,0.6607,0.0298,0.7117054092884064,0.9802771699428559,0.9802771699428559,0.28226982355117797,0.0,10.996131785214764,7.838748169089152e-15,0.0,1.0,0.26857176065444943,0.26857176065444943,0.0,True,0.7117054092884064,0.9802771699428559,0.7117054092884064,0.0,0.28226982355117797,0.0,1.0,-10.996131785214764,7.838748169089152e-15,0.26857176065444943,0.0,-0.26857176065444943,False,False,watermarked_training
PROTEINS,same_label,subtle,5,1027523584,0.2,5,8,13,False,779,166,168,155,624,50,0.6905,0.6964,-0.006,0.7208086895942688,0.9943841111660003,0.9943841111660003,0.2747571408748627,0.0,12.320335665176735,1.2742496148666118e-16,0.0,1.0,0.27357542157173154,0.27357542157173154,0.0,True,0.7208086895942688,0.9943841111660003,0.7208086895942688,0.0,0.2747571408748627,0.0,1.0,-12.320335665176735,1.2742496148666118e-16,0.27357542157173154,0.0,-0.27357542157173154,False,False,watermarked_training
PROTEINS,same_label,subtle,5,1027523584,0.2,10,8,18,False,779,166,168,155,624,50,0.6905,0.7083,-0.0179,0.7575719451904297,0.9908048188686371,0.9908048188686371,0.2433170735836029,0.0,9.403784307080075,1.4875817804713555e-12,0.0,1.0,0.23323287367820744,0.23323287367820744,0.0,True,0.7575719451904297,0.9908048188686371,0.7575719451904297,0.0,0.2433170735836029,0.0,1.0,-9.403784307080075,1.4875817804713555e-12,0.23323287367820744,0.0,-0.23323287367820744,False,False,watermarked_training
PROTEINS,same_label,subtle,5,1027523584,0.2,20,8,28,False,779,166,168,155,624,50,0.6905,0.6667,0.0238,0.8134223103523255,0.9884276497364044,0.9884276497364044,0.18632953763008117,0.0,6.941589475575243,8.170297172909352e-09,0.0,1.0,0.17500533938407892,0.17500533938407892,0.0,True,0.8134223103523255,0.9884276497364044,0.8134223103523255,0.0,0.18632953763008117,0.0,1.0,-6.941589475575243,8.170297172909352e-09,0.17500533938407892,0.0,-0.17500533938407892,False,False,watermarked_training
PROTEINS,same_label,subtle,5,1027523584,0.3,1,8,9,False,779,166,168,233,546,50,0.6905,0.6488,0.0417,0.696202232837677,0.9747069609165192,0.9747069609165192,0.2819476234912872,0.0,12.124826082715883,2.3078479994280517e-16,0.0,1.0,0.2785047280788422,0.2785047280788422,0.0,True,0.696202232837677,0.9747069609165192,0.696202232837677,0.0,0.2819476234912872,0.0,1.0,-12.124826082715883,2.3078479994280517e-16,0.2785047280788422,0.0,-0.2785047280788422,False,False,watermarked_training
PROTEINS,same_label,subtle,5,1027523584,0.3,3,8,11,False,779,166,168,233,546,50,0.6905,0.631,0.0595,0.6971873891353607,0.9744191360473633,0.9744191360473633,0.28610535740852355,0.0,11.443476240970906,1.900698594835254e-15,0.0,1.0,0.2772317469120026,0.2772317469120026,0.0,True,0.6971873891353607,0.9744191360473633,0.6971873891353607,0.0,0.28610535740852355,0.0,1.0,-11.443476240970906,1.900698594835254e-15,0.2772317469120026,0.0,-0.2772317469120026,False,False,watermarked_training
PROTEINS,same_label,subtle,5,1027523584,0.3,5,8,13,False,779,166,168,233,546,50,0.6905,0.6607,0.0298,0.7214286649227142,0.9761838150024414,0.9761838150024414,0.27287697196006777,0.0,10.193043030126166,1.0630253460833167e-13,0.0,1.0,0.25475515007972727,0.25475515007972727,0.0,True,0.7214286649227142,0.9761838150024414,0.7214286649227142,0.0,0.27287697196006777,0.0,1.0,-10.193043030126166,1.0630253460833167e-13,0.25475515007972727,0.0,-0.25475515007972727,False,False,watermarked_training
PROTEINS,same_label,subtle,5,1027523584,0.3,10,8,18,False,779,166,168,233,546,50,0.6905,0.6667,0.0238,0.7395984303951263,0.9826879894733429,0.9826879894733429,0.25647300958633423,0.0,9.513620818753772,1.0259680821412534e-12,0.0,1.0,0.2430895590782166,0.2430895590782166,0.0,True,0.7395984303951263,0.9826879894733429,0.7395984303951263,0.0,0.25647300958633423,0.0,1.0,-9.513620818753772,1.0259680821412534e-12,0.2430895590782166,0.0,-0.2430895590782166,False,False,watermarked_training
PROTEINS,same_label,subtle,5,1027523584,0.3,20,8,28,False,779,166,168,233,546,50,0.6905,0.6548,0.0357,0.7891967487335205,0.9982103359699249,0.9982103359699249,0.20901358723640442,0.0,8.608848348208975,2.2739857464752524e-11,0.0,1.0,0.2090135872364044,0.2090135872364044,0.0,True,0.7891967487335205,0.9982103359699249,0.7891967487335205,0.0,0.20901358723640442,0.0,1.0,-8.608848348208975,2.2739857464752524e-11,0.2090135872364044,0.0,-0.2090135872364044,False,False,watermarked_training
PROTEINS,same_label,subtle,6,2535643315,0.05,1,8,9,False,779,166,168,38,741,38,0.7202,0.625,0.0952,0.7100305039631692,0.7855792374987352,0.7855792374987352,0.15164454359757273,0.0,2.778151850694246,0.008535760363145855,0.0,1.0,0.0755487335355659,0.0755487335355659,0.0,True,0.7100305039631692,0.7855792374987352,0.7100305039631692,0.0,0.15164454359757273,0.0,1.0,-2.778151850694246,0.008535760363145855,0.0755487335355659,0.0,-0.0755487335355659,False,False,watermarked_training
PROTEINS,same_label,subtle,6,2535643315,0.05,3,8,11,False,779,166,168,38,741,38,0.7202,0.6369,0.0833,0.7281024503080469,0.7838114688270971,0.7838114688270971,0.15581666952685305,0.0,1.8866870825984763,0.06706849561980395,0.0,1.0,0.05570901851905019,0.05570901851905019,0.0,True,0.7281024503080469,0.7838114688270971,0.7281024503080469,0.0,0.15581666952685305,0.0,1.0,-1.8866870825984763,0.06706849561980395,0.05570901851905019,0.0,-0.05570901851905019,False,False,watermarked_training
PROTEINS,same_label,subtle,6,2535643315,0.05,5,8,13,False,779,166,168,38,741,38,0.7202,0.6131,0.1071,0.7489273187361265,0.7702017065725828,0.7702017065725828,0.17869187342493156,0.0,0.634754321191912,0.5294944435482184,0.0,1.0,0.0212743878364563,0.0212743878364563,0.0,True,0.7489273187361265,0.7702017065725828,0.7489273187361265,0.0,0.17869187342493156,0.0,1.0,-0.634754321191912,0.5294944435482184,0.0212743878364563,0.0,-0.0212743878364563,False,False,watermarked_training
PROTEINS,same_label,subtle,6,2535643315,0.05,10,8,18,False,779,166,168,38,741,38,0.7202,0.625,0.0952,0.7975142974602548,0.8523240967800743,0.8523240967800743,0.15963932401255557,0.0,1.8005518109090373,0.07992995925935727,0.0,1.0,0.05480979931981944,0.05480979931981944,0.0,True,0.7975142974602548,0.8523240967800743,0.7975142974602548,0.0,0.15963932401255557,0.0,1.0,-1.8005518109090373,0.07992995925935727,0.05480979931981944,0.0,-0.05480979931981944,False,False,watermarked_training
PROTEINS,same_label,subtle,6,2535643315,0.05,20,8,28,False,779,166,168,38,741,38,0.7202,0.6131,0.1071,0.864884476912649,0.8481968060920113,0.8481968060920113,0.14811503416613528,0.0,-0.5307329383878696,0.5987752959373144,0.0,1.0,-0.016687670820637712,-0.016687670820637712,0.0,False,0.864884476912649,0.8481968060920113,0.864884476912649,0.0,0.14811503416613528,0.0,1.0,0.5307329383878696,0.5987752959373144,-0.016687670820637712,0.0,0.016687670820637712,False,False,watermarked_training
PROTEINS,same_label,subtle,6,2535643315,0.1,1,8,9,False,779,166,168,77,702,50,0.7202,0.6607,0.0595,0.6958933746814728,0.9082613575458527,0.9082613575458527,0.24184420824050903,0.0,8.401313171125032,4.681311777577798e-11,0.0,1.0,0.21236798286437986,0.21236798286437986,0.0,True,0.6958933746814728,0.9082613575458527,0.6958933746814728,0.0,0.24184420824050903,0.0,1.0,-8.401313171125032,4.681311777577798e-11,0.21236798286437986,0.0,-0.21236798286437986,False,False,watermarked_training
PROTEINS,same_label,subtle,6,2535643315,0.1,3,8,11,False,779,166,168,77,702,50,0.7202,0.6369,0.0833,0.7168620622158051,0.9663167202472687,0.9663167202472687,0.25949629306793215,0.0,11.396662110985405,2.2018333850902156e-15,0.0,1.0,0.2494546580314636,0.2494546580314636,0.0,True,0.7168620622158051,0.9663167202472687,0.7168620622158051,0.0,0.25949629306793215,0.0,1.0,-11.396662110985405,2.2018333850902156e-15,0.2494546580314636,0.0,-0.2494546580314636,False,False,watermarked_training
PROTEINS,same_label,subtle,6,2535643315,0.1,5,8,13,False,779,166,168,77,702,50,0.7202,0.6548,0.0655,0.7301257622241973,0.941259378194809,0.941259378194809,0.2473217034339905,0.0,7.988920385659785,1.9865301737590557e-10,0.0,1.0,0.21113361597061164,0.21113361597061164,0.0,True,0.7301257622241973,0.941259378194809,0.7301257622241973,0.0,0.2473217034339905,0.0,1.0,-7.988920385659785,1.9865301737590557e-10,0.21113361597061164,0.0,-0.21113361597061164,False,False,watermarked_training
PROTEINS,same_label,subtle,6,2535643315,0.1,10,8,18,False,779,166,168,77,702,50,0.7202,0.6369,0.0833,0.7758269870281219,0.9286067461967469,0.9286067461967469,0.20689106583595276,0.0,5.225183306505361,3.5581538190286475e-06,0.0,1.0,0.15277975916862496,0.15277975916862496,0.0,True,0.7758269870281219,0.9286067461967469,0.7758269870281219,0.0,0.20689106583595276,0.0,1.0,-5.225183306505361,3.5581538190286475e-06,0.15277975916862496,0.0,-0.15277975916862496,False,False,watermarked_training
PROTEINS,same_label,subtle,6,2535643315,0.1,20,8,28,False,779,166,168,77,702,50,0.7202,0.6548,0.0655,0.8350393784046173,0.9826976644992829,0.9826976644992829,0.15234984636306761,0.0,6.99575084571706,6.735022763396386e-09,0.0,1.0,0.14765828609466558,0.14765828609466558,0.0,True,0.8350393784046173,0.9826976644992829,0.8350393784046173,0.0,0.15234984636306761,0.0,1.0,-6.99575084571706,6.735022763396386e-09,0.14765828609466558,0.0,-0.14765828609466558,False,False,watermarked_training
PROTEINS,same_label,subtle,6,2535643315,0.2,1,8,9,False,779,166,168,155,624,50,0.7202,0.5952,0.125,0.6739028525352478,0.8147725486755371,0.8147725486755371,0.2051250743865967,0.0,5.056990167660532,6.360659265183024e-06,0.0,1.0,0.1408696961402892,0.1408696961402892,0.0,True,0.6739028525352478,0.8147725486755371,0.6739028525352478,0.0,0.2051250743865967,0.0,1.0,-5.056990167660532,6.360659265183024e-06,0.1408696961402892,0.0,-0.1408696961402892,False,False,watermarked_training
PROTEINS,same_label,subtle,6,2535643315,0.2,3,8,11,False,779,166,168,155,624,50,0.7202,0.5952,0.125,0.6865288031101227,0.7947665464878082,0.7947665464878082,0.1636637830734253,0.0,4.5937795812430515,3.066459693950142e-05,0.0,1.0,0.10823774337768555,0.10823774337768555,0.0,True,0.6865288031101227,0.7947665464878082,0.6865288031101227,0.0,0.1636637830734253,0.0,1.0,-4.5937795812430515,3.066459693950142e-05,0.10823774337768555,0.0,-0.10823774337768555,False,False,watermarked_training
PROTEINS,same_label,subtle,6,2535643315,0.2,5,8,13,False,779,166,168,155,624,50,0.7202,0.619,0.1012,0.7088930821418762,0.8465032267570496,0.8465032267570496,0.21373366355895995,0.0,4.60822834692919,2.9216399467095388e-05,0.0,1.0,0.1376101446151734,0.1376101446151734,0.0,True,0.7088930821418762,0.8465032267570496,0.7088930821418762,0.0,0.21373366355895995,0.0,1.0,-4.60822834692919,2.9216399467095388e-05,0.1376101446151734,0.0,-0.1376101446151734,False,False,watermarked_training
PROTEINS,same_label,subtle,6,2535643315,0.2,10,8,18,False,779,166,168,155,624,50,0.7202,0.5655,0.1548,0.7352330899238586,0.9449172532558441,0.9449172532558441,0.2202334988117218,0.0,9.245554814052555,2.546442518323513e-12,0.0,1.0,0.20968416333198547,0.20968416333198547,0.0,True,0.7352330899238586,0.9449172532558441,0.7352330899238586,0.0,0.2202334988117218,0.0,1.0,-9.245554814052555,2.546442518323513e-12,0.20968416333198547,0.0,-0.20968416333198547,False,False,watermarked_training
PROTEINS,same_label,subtle,6,2535643315,0.2,20,8,28,False,779,166,168,155,624,50,0.7202,0.5417,0.1786,0.800128527879715,0.8581313037872315,0.8581313037872315,0.17198543190956117,0.0,2.0380054536022225,0.04696639730605414,0.0,1.0,0.05800277590751646,0.05800277590751646,0.0,True,0.800128527879715,0.8581313037872315,0.800128527879715,0.0,0.17198543190956117,0.0,1.0,-2.0380054536022225,0.04696639730605414,0.05800277590751646,0.0,-0.05800277590751646,False,False,watermarked_training
PROTEINS,same_label,subtle,6,2535643315,0.3,1,8,9,False,779,166,168,233,546,50,0.7202,0.5655,0.1548,0.6650237715244294,0.9788094103336334,0.9788094103336334,0.3146024250984192,0.0,17.820614325388256,4.7023498639312404e-23,0.0,1.0,0.31378563880920407,0.31378563880920407,0.0,True,0.6650237715244294,0.9788094103336334,0.6650237715244294,0.0,0.3146024250984192,0.0,1.0,-17.820614325388256,4.7023498639312404e-23,0.31378563880920407,0.0,-0.31378563880920407,False,False,watermarked_training
PROTEINS,same_label,subtle,6,2535643315,0.3,3,8,11,False,779,166,168,233,546,50,0.7202,0.5714,0.1488,0.678090969324112,0.9797304010391236,0.9797304010391236,0.3016394317150116,0.0,17.098840171700413,2.7078765715611713e-22,0.0,1.0,0.3016394317150116,0.3016394317150116,0.0,True,0.678090969324112,0.9797304010391236,0.678090969324112,0.0,0.3016394317150116,0.0,1.0,-17.098840171700413,2.7078765715611713e-22,0.3016394317150116,0.0,-0.3016394317150116,False,False,watermarked_training
PROTEINS,same_label,subtle,6,2535643315,0.3,5,8,13,False,779,166,168,233,546,50,0.7202,0.5595,0.1607,0.6939184284210205,0.9742853283882141,0.9742853283882141,0.2803668999671936,0.0,15.030615220596033,5.555152200153547e-20,0.0,1.0,0.28036689996719366,0.28036689996719366,0.0,True,0.6939184284210205,0.9742853283882141,0.6939184284210205,0.0,0.2803668999671936,0.0,1.0,-15.030615220596033,5.555152200153547e-20,0.28036689996719366,0.0,-0.28036689996719366,False,False,watermarked_training
PROTEINS,same_label,subtle,6,2535643315,0.3,10,8,18,False,779,166,168,233,546,50,0.7202,0.6369,0.0833,0.7304778563976287,0.9847126519680023,0.9847126519680023,0.2544349479675293,0.0,11.646243988196856,1.008513748300978e-15,0.0,1.0,0.25423479557037354,0.25423479557037354,0.0,True,0.7304778563976287,0.9847126519680023,0.7304778563976287,0.0,0.2544349479675293,0.0,1.0,-11.646243988196856,1.008513748300978e-15,0.25423479557037354,0.0,-0.25423479557037354,False,False,watermarked_training
PROTEINS,same_label,subtle,6,2535643315,0.3,20,8,28,False,779,166,168,233,546,50,0.7202,0.5655,0.1548,0.7816975247859955,0.9942359066009522,0.9942359066009522,0.21253838181495666,0.0,9.253498370582621,2.478481402097112e-12,0.0,1.0,0.21253838181495666,0.21253838181495666,0.0,True,0.7816975247859955,0.9942359066009522,0.7816975247859955,0.0,0.21253838181495666,0.0,1.0,-9.253498370582621,2.478481402097112e-12,0.21253838181495666,0.0,-0.21253838181495666,False,False,watermarked_training
PROTEINS,same_label,subtle,7,2367132562,0.05,1,8,9,False,779,166,168,38,741,38,0.7202,0.7381,-0.0179,0.7055595438731345,0.781385998976858,0.781385998976858,0.16739076219106974,0.0,2.394603940612243,0.02181756686085871,0.0,1.0,0.07582645510372354,0.07582645510372354,0.0,True,0.7055595438731345,0.781385998976858,0.7055595438731345,0.0,0.16739076219106974,0.0,1.0,-2.394603940612243,0.02181756686085871,0.07582645510372354,0.0,-0.07582645510372354,False,False,watermarked_training
PROTEINS,same_label,subtle,7,2367132562,0.05,3,8,11,False,779,166,168,38,741,38,0.7202,0.7143,0.006,0.707296327540749,0.7475201032663646,0.7475201032663646,0.164009469120126,0.0,1.250354026325936,0.2190204023072599,0.0,1.0,0.04022377572561564,0.04022377572561564,0.0,True,0.707296327540749,0.7475201032663646,0.707296327540749,0.0,0.164009469120126,0.0,1.0,-1.250354026325936,0.2190204023072599,0.04022377572561564,0.0,-0.04022377572561564,False,False,watermarked_training
PROTEINS,same_label,subtle,7,2367132562,0.05,5,8,13,False,779,166,168,38,741,38,0.7202,0.7202,0.0,0.717001885175705,0.7889784652935831,0.7889784652935831,0.16101509646365517,0.0,2.2363534212342846,0.0314422948869614,0.0,1.0,0.07197658011787811,0.07197658011787811,0.0,True,0.717001885175705,0.7889784652935831,0.717001885175705,0.0,0.16101509646365517,0.0,1.0,-2.2363534212342846,0.0314422948869614,0.07197658011787811,0.0,-0.07197658011787811,False,False,watermarked_training
PROTEINS,same_label,subtle,7,2367132562,0.05,10,8,18,False,779,166,168,38,741,38,0.7202,0.7202,0.0,0.742857680508965,0.7964201334275698,0.7964201334275698,0.15596111824637965,0.0,1.8479807264486101,0.07261092227695683,0.0,1.0,0.05356245291860484,0.05356245291860484,0.0,True,0.742857680508965,0.7964201334275698,0.742857680508965,0.0,0.15596111824637965,0.0,1.0,-1.8479807264486101,0.07261092227695683,0.05356245291860484,0.0,-0.05356245291860484,False,False,watermarked_training
PROTEINS,same_label,subtle,7,2367132562,0.05,20,8,28,False,779,166,168,38,741,38,0.7202,0.7024,0.0179,0.8093008853887257,0.8923741673168383,0.8923741673168383,0.15851706736966184,0.0,2.9003475156347136,0.006239517164121292,0.0,1.0,0.08307328192811259,0.08307328192811259,0.0,True,0.8093008853887257,0.8923741673168383,0.8093008853887257,0.0,0.15851706736966184,0.0,1.0,-2.9003475156347136,0.006239517164121292,0.08307328192811259,0.0,-0.08307328192811259,False,False,watermarked_training
PROTEINS,same_label,subtle,7,2367132562,0.1,1,8,9,False,779,166,168,77,702,50,0.7202,0.6845,0.0357,0.6659249460697174,0.7900090157985687,0.7900090157985687,0.18185315608978272,0.0,4.695837270043942,2.1766378605235858e-05,0.0,1.0,0.12408406972885133,0.12408406972885133,0.0,True,0.6659249460697174,0.7900090157985687,0.6659249460697174,0.0,0.18185315608978272,0.0,1.0,-4.695837270043942,2.1766378605235858e-05,0.12408406972885133,0.0,-0.12408406972885133,False,False,watermarked_training
PROTEINS,same_label,subtle,7,2367132562,0.1,3,8,11,False,779,166,168,77,702,50,0.7202,0.6905,0.0298,0.6712841212749481,0.8214559018611908,0.8214559018611908,0.21144203424453736,0.0,5.354787821573539,2.2676182569236833e-06,0.0,1.0,0.1501717805862427,0.1501717805862427,0.0,True,0.6712841212749481,0.8214559018611908,0.6712841212749481,0.0,0.21144203424453736,0.0,1.0,-5.354787821573539,2.2676182569236833e-06,0.1501717805862427,0.0,-0.1501717805862427,False,False,watermarked_training
PROTEINS,same_label,subtle,7,2367132562,0.1,5,8,13,False,779,166,168,77,702,50,0.7202,0.6667,0.0536,0.6847863256931305,0.8183002197742462,0.8183002197742462,0.18113792181015015,0.0,5.256867474428638,3.187783540817761e-06,0.0,1.0,0.1335138940811157,0.1335138940811157,0.0,True,0.6847863256931305,0.8183002197742462,0.6847863256931305,0.0,0.18113792181015015,0.0,1.0,-5.256867474428638,3.187783540817761e-06,0.1335138940811157,0.0,-0.1335138940811157,False,False,watermarked_training
PROTEINS,same_label,subtle,7,2367132562,0.1,10,8,18,False,779,166,168,77,702,50,0.7202,0.6667,0.0536,0.7139462172985077,0.880291508436203,0.880291508436203,0.22796491622924805,0.0,6.024233085761402,2.1476253576939262e-07,0.0,1.0,0.16634529113769525,0.16634529113769525,0.0,True,0.7139462172985077,0.880291508436203,0.7139462172985077,0.0,0.22796491622924805,0.0,1.0,-6.024233085761402,2.1476253576939262e-07,0.16634529113769525,0.0,-0.16634529113769525,False,False,watermarked_training
PROTEINS,same_label,subtle,7,2367132562,0.1,20,8,28,False,779,166,168,77,702,50,0.7202,0.6845,0.0357,0.7972719383239746,0.9005405032634735,0.9005405032634735,0.15902241349220275,0.0,4.333118952746745,7.274920334764877e-05,0.0,1.0,0.10326856493949887,0.10326856493949887,0.0,True,0.7972719383239746,0.9005405032634735,0.7972719383239746,0.0,0.15902241349220275,0.0,1.0,-4.333118952746745,7.274920334764877e-05,0.10326856493949887,0.0,-0.10326856493949887,False,False,watermarked_training
PROTEINS,same_label,subtle,7,2367132562,0.2,1,8,9,False,779,166,168,155,624,50,0.7202,0.6488,0.0714,0.6780881381034851,0.862823771238327,0.862823771238327,0.2256405246257782,0.0,6.814927553898644,1.2838299974865553e-08,0.0,1.0,0.18473563313484187,0.18473563313484187,0.0,True,0.6780881381034851,0.862823771238327,0.6780881381034851,0.0,0.2256405246257782,0.0,1.0,-6.814927553898644,1.2838299974865553e-08,0.18473563313484187,0.0,-0.18473563313484187,False,False,watermarked_training
PROTEINS,same_label,subtle,7,2367132562,0.2,3,8,11,False,779,166,168,155,624,50,0.7202,0.6488,0.0714,0.6898169684410095,0.8563649988174439,0.8563649988174439,0.20842520475387574,0.0,6.307806231642865,7.835377223756126e-08,0.0,1.0,0.1665480303764344,0.1665480303764344,0.0,True,0.6898169684410095,0.8563649988174439,0.6898169684410095,0.0,0.20842520475387574,0.0,1.0,-6.307806231642865,7.835377223756126e-08,0.1665480303764344,0.0,-0.1665480303764344,False,False,watermarked_training
PROTEINS,same_label,subtle,7,2367132562,0.2,5,8,13,False,779,166,168,155,624,50,0.7202,0.6369,0.0833,0.6977016568183899,0.9198968362808227,0.9198968362808227,0.24603986501693725,0.0,8.825604637537866,1.074272131126502e-11,0.0,1.0,0.22219517946243283,0.22219517946243283,0.0,True,0.6977016568183899,0.9198968362808227,0.6977016568183899,0.0,0.24603986501693725,0.0,1.0,-8.825604637537866,1.074272131126502e-11,0.22219517946243283,0.0,-0.22219517946243283,False,False,watermarked_training
PROTEINS,same_label,subtle,7,2367132562,0.2,10,8,18,False,779,166,168,155,624,50,0.7202,0.6429,0.0774,0.7380340933799744,0.9185152518749237,0.9185152518749237,0.22246935248374938,0.0,6.934382234129313,8.38308239883669e-09,0.0,1.0,0.18048115849494928,0.18048115849494928,0.0,True,0.7380340933799744,0.9185152518749237,0.7380340933799744,0.0,0.22246935248374938,0.0,1.0,-6.934382234129313,8.38308239883669e-09,0.18048115849494928,0.0,-0.18048115849494928,False,False,watermarked_training
PROTEINS,same_label,subtle,7,2367132562,0.2,20,8,28,False,779,166,168,155,624,50,0.7202,0.6369,0.0833,0.8045366108417511,0.9759241235256195,0.9759241235256195,0.1970495057106018,0.0,7.65685032469132,6.417684704694662e-10,0.0,1.0,0.17138751268386843,0.17138751268386843,0.0,True,0.8045366108417511,0.9759241235256195,0.8045366108417511,0.0,0.1970495057106018,0.0,1.0,-7.65685032469132,6.417684704694662e-10,0.17138751268386843,0.0,-0.17138751268386843,False,False,watermarked_training
PROTEINS,same_label,subtle,7,2367132562,0.3,1,8,9,False,779,166,168,233,546,50,0.7202,0.631,0.0893,0.6478029382228851,0.8941577339172363,0.8941577339172363,0.26872951865196226,0.0,9.283734360807985,2.2361189613619665e-12,0.0,1.0,0.24635479569435115,0.24635479569435115,0.0,True,0.6478029382228851,0.8941577339172363,0.6478029382228851,0.0,0.26872951865196226,0.0,1.0,-9.283734360807985,2.2361189613619665e-12,0.24635479569435115,0.0,-0.24635479569435115,False,False,watermarked_training
PROTEINS,same_label,subtle,7,2367132562,0.3,3,8,11,False,779,166,168,233,546,50,0.7202,0.6548,0.0655,0.6639141881465912,0.9656611847877502,0.9656611847877502,0.3082799446582794,0.0,13.571503877479126,3.1968169188745552e-18,0.0,1.0,0.301746996641159,0.301746996641159,0.0,True,0.6639141881465912,0.9656611847877502,0.6639141881465912,0.0,0.3082799446582794,0.0,1.0,-13.571503877479126,3.1968169188745552e-18,0.301746996641159,0.0,-0.301746996641159,False,False,watermarked_training
PROTEINS,same_label,subtle,7,2367132562,0.3,5,8,13,False,779,166,168,233,546,50,0.7202,0.6369,0.0833,0.6684811782836914,0.9516833794116973,0.9516833794116973,0.2900736701488495,0.0,12.274630629240365,1.4634083960676652e-16,0.0,1.0,0.283202201128006,0.283202201128006,0.0,True,0.6684811782836914,0.9516833794116973,0.6684811782836914,0.0,0.2900736701488495,0.0,1.0,-12.274630629240365,1.4634083960676652e-16,0.283202201128006,0.0,-0.283202201128006,False,False,watermarked_training
PROTEINS,same_label,subtle,7,2367132562,0.3,10,8,18,False,779,166,168,233,546,50,0.7202,0.625,0.0952,0.7195615029335022,0.9699955213069916,0.9699955213069916,0.25428990721702577,0.0,12.105722378357529,2.446398214161457e-16,0.0,1.0,0.25043401837348944,0.25043401837348944,0.0,True,0.7195615029335022,0.9699955213069916,0.7195615029335022,0.0,0.25428990721702577,0.0,1.0,-12.105722378357529,2.446398214161457e-16,0.25043401837348944,0.0,-0.25043401837348944,False,False,watermarked_training
PROTEINS,same_label,subtle,7,2367132562,0.3,20,8,28,False,779,166,168,233,546,50,0.7202,0.6548,0.0655,0.7743586385250092,0.9948832571506501,0.9948832571506501,0.22129107713699342,0.0,12.391244442554095,1.02855320615205e-16,0.0,1.0,0.22052461862564088,0.22052461862564088,0.0,True,0.7743586385250092,0.9948832571506501,0.7743586385250092,0.0,0.22129107713699342,0.0,1.0,-12.391244442554095,1.02855320615205e-16,0.22052461862564088,0.0,-0.22052461862564088,False,False,watermarked_training
PROTEINS,same_label,subtle,8,2022985241,0.05,1,8,9,False,779,166,168,38,741,38,0.7143,0.6964,0.0179,0.8251146078109741,0.9114035336594832,0.9114035336594832,0.10796725122552168,0.0,4.713689061427583,3.4043381923321066e-05,0.0,1.0,0.08628892584850911,0.08628892584850911,0.0,True,0.8251146078109741,0.9114035336594832,0.8251146078109741,0.0,0.10796725122552168,0.0,1.0,-4.713689061427583,3.4043381923321066e-05,0.08628892584850911,0.0,-0.08628892584850911,False,False,watermarked_training
PROTEINS,same_label,subtle,8,2022985241,0.05,3,8,11,False,779,166,168,38,741,38,0.7143,0.6845,0.0298,0.830266502342726,0.9266763376562219,0.9266763376562219,0.10696089267730713,0.0,5.244740086194756,6.6074920651770826e-06,0.0,1.0,0.0964098353134959,0.0964098353134959,0.0,True,0.830266502342726,0.9266763376562219,0.830266502342726,0.0,0.10696089267730713,0.0,1.0,-5.244740086194756,6.6074920651770826e-06,0.0964098353134959,0.0,-0.0964098353134959,False,False,watermarked_training
PROTEINS,same_label,subtle,8,2022985241,0.05,5,8,13,False,779,166,168,38,741,38,0.7143,0.6905,0.0238,0.8450985535194999,0.9461117292705336,0.9461117292705336,0.10582154518679569,0.0,6.055283225677555,5.284769371431482e-07,0.0,1.0,0.10101317575103363,0.10101317575103363,0.0,True,0.8450985535194999,0.9461117292705336,0.8450985535194999,0.0,0.10582154518679569,0.0,1.0,-6.055283225677555,5.284769371431482e-07,0.10101317575103363,0.0,-0.10101317575103363,False,False,watermarked_training
PROTEINS,same_label,subtle,8,2022985241,0.05,10,8,18,False,779,166,168,38,741,38,0.7143,0.6964,0.0179,0.8590674321902426,0.9671539178020075,0.9671539178020075,0.10969179241280806,0.0,5.586764573788755,2.278376648925166e-06,0.0,1.0,0.10808648561176493,0.10808648561176493,0.0,True,0.8590674321902426,0.9671539178020075,0.8590674321902426,0.0,0.10969179241280806,0.0,1.0,-5.586764573788755,2.278376648925166e-06,0.10808648561176493,0.0,-0.10808648561176493,False,False,watermarked_training
PROTEINS,same_label,subtle,8,2022985241,0.05,20,8,28,False,779,166,168,38,741,38,0.7143,0.7024,0.0119,0.8861518439493681,0.9882815715513731,0.9882815715513731,0.102129727602005,0.0,4.731357742151716,3.2249703370343464e-05,0.0,1.0,0.102129727602005,0.102129727602005,0.0,True,0.8861518439493681,0.9882815715513731,0.8861518439493681,0.0,0.102129727602005,0.0,1.0,-4.731357742151716,3.2249703370343464e-05,0.102129727602005,0.0,-0.102129727602005,False,False,watermarked_training
PROTEINS,same_label,subtle,8,2022985241,0.1,1,8,9,False,779,166,168,77,702,50,0.7143,0.7024,0.0119,0.8150194382667542,0.9246129286289215,0.9246129286289215,0.11674315810203552,0.0,6.110505695714134,1.580933940203919e-07,0.0,1.0,0.10959349036216737,0.10959349036216737,0.0,True,0.8150194382667542,0.9246129286289215,0.8150194382667542,0.0,0.11674315810203552,0.0,1.0,-6.110505695714134,1.580933940203919e-07,0.10959349036216737,0.0,-0.10959349036216737,False,False,watermarked_training
PROTEINS,same_label,subtle,8,2022985241,0.1,3,8,11,False,779,166,168,77,702,50,0.7143,0.7262,-0.0119,0.8224878442287445,0.9495859479904175,0.9495859479904175,0.13057893872261048,0.0,6.810243884028263,1.3054681249720782e-08,0.0,1.0,0.12709810376167296,0.12709810376167296,0.0,True,0.8224878442287445,0.9495859479904175,0.8224878442287445,0.0,0.13057893872261048,0.0,1.0,-6.810243884028263,1.3054681249720782e-08,0.12709810376167296,0.0,-0.12709810376167296,False,False,watermarked_training
PROTEINS,same_label,subtle,8,2022985241,0.1,5,8,13,False,779,166,168,77,702,50,0.7143,0.6905,0.0238,0.8378341186046601,0.9649211156368256,0.9649211156368256,0.12709320068359375,0.0,7.718773221980621,5.154493068707687e-10,0.0,1.0,0.12708699703216553,0.12708699703216553,0.0,True,0.8378341186046601,0.9649211156368256,0.8378341186046601,0.0,0.12709320068359375,0.0,1.0,-7.718773221980621,5.154493068707687e-10,0.12708699703216553,0.0,-0.12708699703216553,False,False,watermarked_training
PROTEINS,same_label,subtle,8,2022985241,0.1,10,8,18,False,779,166,168,77,702,50,0.7143,0.6786,0.0357,0.8487370502948761,0.9653640139102936,0.9653640139102936,0.11741528272628785,0.0,6.584374173586059,2.9229418516692038e-08,0.0,1.0,0.11662696361541747,0.11662696361541747,0.0,True,0.8487370502948761,0.9653640139102936,0.8487370502948761,0.0,0.11741528272628785,0.0,1.0,-6.584374173586059,2.9229418516692038e-08,0.11662696361541747,0.0,-0.11662696361541747,False,False,watermarked_training
PROTEINS,same_label,subtle,8,2022985241,0.1,20,8,28,False,779,166,168,77,702,50,0.7143,0.6726,0.0417,0.8781631338596344,0.990854172706604,0.990854172706604,0.11294501900672912,0.0,5.886129597321353,3.5036380216335983e-07,0.0,1.0,0.11269103884696963,0.11269103884696963,0.0,True,0.8781631338596344,0.990854172706604,0.8781631338596344,0.0,0.11294501900672912,0.0,1.0,-5.886129597321353,3.5036380216335983e-07,0.11269103884696963,0.0,-0.11269103884696963,False,False,watermarked_training
PROTEINS,same_label,subtle,8,2022985241,0.2,1,8,9,False,779,166,168,155,624,50,0.7143,0.6845,0.0298,0.8240919804573059,0.9362322580814362,0.9362322580814362,0.12342456698417664,0.0,5.824451763673656,4.357727180375303e-07,0.0,1.0,0.11214027762413026,0.11214027762413026,0.0,True,0.8240919804573059,0.9362322580814362,0.8240919804573059,0.0,0.12342456698417664,0.0,1.0,-5.824451763673656,4.357727180375303e-07,0.11214027762413026,0.0,-0.11214027762413026,False,False,watermarked_training
PROTEINS,same_label,subtle,8,2022985241,0.2,3,8,11,False,779,166,168,155,624,50,0.7143,0.6845,0.0298,0.8406081628799439,0.9480401492118835,0.9480401492118835,0.12948235750198364,0.0,5.196846420437777,3.925209145843196e-06,0.0,1.0,0.10743198633193962,0.10743198633193962,0.0,True,0.8406081628799439,0.9480401492118835,0.8406081628799439,0.0,0.12948235750198364,0.0,1.0,-5.196846420437777,3.925209145843196e-06,0.10743198633193962,0.0,-0.10743198633193962,False,False,watermarked_training
PROTEINS,same_label,subtle,8,2022985241,0.2,5,8,13,False,779,166,168,155,624,50,0.7143,0.6964,0.0179,0.8556543409824371,0.9606704163551331,0.9606704163551331,0.12551154017448427,0.0,5.45548380311811,1.5954508610542632e-06,0.0,1.0,0.10501607537269597,0.10501607537269597,0.0,True,0.8556543409824371,0.9606704163551331,0.8556543409824371,0.0,0.12551154017448427,0.0,1.0,-5.45548380311811,1.5954508610542632e-06,0.10501607537269597,0.0,-0.10501607537269597,False,False,watermarked_training
PROTEINS,same_label,subtle,8,2022985241,0.2,10,8,18,False,779,166,168,155,624,50,0.7143,0.7262,-0.0119,0.8799337351322174,0.9831913042068482,0.9831913042068482,0.11359158396720886,0.0,5.627385036936703,8.730300467412797e-07,0.0,1.0,0.1032575690746308,0.1032575690746308,0.0,True,0.8799337351322174,0.9831913042068482,0.8799337351322174,0.0,0.11359158396720886,0.0,1.0,-5.627385036936703,8.730300467412797e-07,0.1032575690746308,0.0,-0.1032575690746308,False,False,watermarked_training
PROTEINS,same_label,subtle,8,2022985241,0.2,20,8,28,False,779,166,168,155,624,50,0.7143,0.6845,0.0298,0.9156255555152893,0.9897608029842376,0.9897608029842376,0.07493146538734435,0.0,5.489784597188741,1.41497566906991e-06,0.0,1.0,0.07413524746894828,0.07413524746894828,0.0,True,0.9156255555152893,0.9897608029842376,0.9156255555152893,0.0,0.07493146538734435,0.0,1.0,-5.489784597188741,1.41497566906991e-06,0.07413524746894828,0.0,-0.07413524746894828,False,False,watermarked_training
PROTEINS,same_label,subtle,8,2022985241,0.3,1,8,9,False,779,166,168,233,546,50,0.7143,0.7083,0.006,0.800735696554184,0.9544339561462403,0.9544339561462403,0.1636132824420929,0.0,7.138885799151793,4.043317955800376e-09,0.0,1.0,0.1536982595920563,0.1536982595920563,0.0,True,0.800735696554184,0.9544339561462403,0.800735696554184,0.0,0.1636132824420929,0.0,1.0,-7.138885799151793,4.043317955800376e-09,0.1536982595920563,0.0,-0.1536982595920563,False,False,watermarked_training
PROTEINS,same_label,subtle,8,2022985241,0.3,3,8,11,False,779,166,168,233,546,50,0.7143,0.619,0.0952,0.811871999502182,0.9511179268360138,0.9511179268360138,0.16009533166885376,0.0,6.165269989246397,1.3012801453382521e-07,0.0,1.0,0.1392459273338318,0.1392459273338318,0.0,True,0.811871999502182,0.9511179268360138,0.811871999502182,0.0,0.16009533166885376,0.0,1.0,-6.165269989246397,1.3012801453382521e-07,0.1392459273338318,0.0,-0.1392459273338318,False,False,watermarked_training
PROTEINS,same_label,subtle,8,2022985241,0.3,5,8,13,False,779,166,168,233,546,50,0.7143,0.6548,0.0595,0.8218559861183167,0.9629661738872528,0.9629661738872528,0.1514395534992218,0.0,6.7781412931738885,1.4639293033450976e-08,0.0,1.0,0.14111018776893614,0.14111018776893614,0.0,True,0.8218559861183167,0.9629661738872528,0.8218559861183167,0.0,0.1514395534992218,0.0,1.0,-6.7781412931738885,1.4639293033450976e-08,0.14111018776893614,0.0,-0.14111018776893614,False,False,watermarked_training
PROTEINS,same_label,subtle,8,2022985241,0.3,10,8,18,False,779,166,168,233,546,50,0.7143,0.6488,0.0655,0.8502831768989563,0.9806798183918,0.9806798183918,0.13040624022483827,0.0,6.947767978591285,7.992193915286344e-09,0.0,1.0,0.1303966414928437,0.1303966414928437,0.0,True,0.8502831768989563,0.9806798183918,0.8502831768989563,0.0,0.13040624022483827,0.0,1.0,-6.947767978591285,7.992193915286344e-09,0.1303966414928437,0.0,-0.1303966414928437,False,False,watermarked_training
PROTEINS,same_label,subtle,8,2022985241,0.3,20,8,28,False,779,166,168,233,546,50,0.7143,0.631,0.0833,0.8899382472038269,0.9838763213157654,0.9838763213157654,0.09866944313049317,0.0,5.254782949041469,3.210933846719244e-06,0.0,1.0,0.09393807411193855,0.09393807411193855,0.0,True,0.8899382472038269,0.9838763213157654,0.8899382472038269,0.0,0.09866944313049317,0.0,1.0,-5.254782949041469,3.210933846719244e-06,0.09393807411193855,0.0,-0.09393807411193855,False,False,watermarked_training
PROTEINS,same_label,subtle,9,1642614917,0.05,1,8,9,False,779,166,168,38,741,38,0.7143,0.6667,0.0476,0.7333946996613553,0.7522046879718178,0.7522046879718178,0.1766846007422397,0.0,0.529668560724269,0.5995058393157601,0.0,1.0,0.018809988310462544,0.018809988310462544,0.0,True,0.7333946996613553,0.7522046879718178,0.7333946996613553,0.0,0.1766846007422397,0.0,1.0,-0.529668560724269,0.5995058393157601,0.018809988310462544,0.0,-0.018809988310462544,False,False,watermarked_training
PROTEINS,same_label,subtle,9,1642614917,0.05,3,8,11,False,779,166,168,38,741,38,0.7143,0.6964,0.0179,0.7471293932513187,0.750880556671243,0.750880556671243,0.18910146857562818,0.0,0.10030726024314257,0.9206419517005849,0.0,1.0,0.0037511634199243193,0.0037511634199243193,0.0,True,0.7471293932513187,0.750880556671243,0.7471293932513187,0.0,0.18910146857562818,0.0,1.0,-0.10030726024314257,0.9206419517005849,0.0037511634199243193,0.0,-0.0037511634199243193,False,False,watermarked_training
PROTEINS,same_label,subtle,9,1642614917,0.05,5,8,13,False,779,166,168,38,741,38,0.7143,0.7083,0.006,0.7667363207591208,0.7369899592901531,0.7369899592901531,0.16729164280389486,0.0,-0.919476695850172,0.3638021776368888,0.0,1.0,-0.029746361468967697,-0.029746361468967697,0.0,False,0.7667363207591208,0.7369899592901531,0.7667363207591208,0.0,0.16729164280389486,0.0,1.0,0.919476695850172,0.3638021776368888,-0.029746361468967697,0.0,0.029746361468967697,False,False,watermarked_training
PROTEINS,same_label,subtle,9,1642614917,0.05,10,8,18,False,779,166,168,38,741,38,0.7143,0.7202,-0.006,0.7930033959840473,0.8385091580842671,0.8385091580842671,0.17676644576223274,0.0,1.3075623414326774,0.1990887131564613,0.0,1.0,0.04550576210021973,0.04550576210021973,0.0,True,0.7930033959840473,0.8385091580842671,0.7930033959840473,0.0,0.17676644576223274,0.0,1.0,-1.3075623414326774,0.1990887131564613,0.04550576210021973,0.0,-0.04550576210021973,False,False,watermarked_training
PROTEINS,same_label,subtle,9,1642614917,0.05,20,8,28,False,779,166,168,38,741,38,0.7143,0.7083,0.006,0.857492617870632,0.8710391019520006,0.8710391019520006,0.1679326311538094,0.0,0.37978198958919535,0.7062785119090836,0.0,1.0,0.013546484081368604,0.013546484081368604,0.0,True,0.857492617870632,0.8710391019520006,0.857492617870632,0.0,0.1679326311538094,0.0,1.0,-0.37978198958919535,0.7062785119090836,0.013546484081368604,0.0,-0.013546484081368604,False,False,watermarked_training
PROTEINS,same_label,subtle,9,1642614917,0.1,1,8,9,False,779,166,168,77,702,50,0.7143,0.7202,-0.006,0.7319211876392364,0.7230869340896606,0.7230869340896606,0.16509132504463195,0.0,-0.3109000234705202,0.7571953851409684,0.0,1.0,-0.008834253549575788,-0.008834253549575788,0.0,False,0.7319211876392364,0.7230869340896606,0.7319211876392364,0.0,0.16509132504463195,0.0,1.0,0.3109000234705202,0.7571953851409684,-0.008834253549575788,0.0,0.008834253549575788,False,False,watermarked_training
PROTEINS,same_label,subtle,9,1642614917,0.1,3,8,11,False,779,166,168,77,702,50,0.7143,0.7143,0.0,0.7489258205890655,0.8460198032855988,0.8460198032855988,0.1667374062538147,0.0,3.4416421009354505,0.0011917228494247771,0.0,1.0,0.09709398269653324,0.09709398269653324,0.0,True,0.7489258205890655,0.8460198032855988,0.7489258205890655,0.0,0.1667374062538147,0.0,1.0,-3.4416421009354505,0.0011917228494247771,0.09709398269653324,0.0,-0.09709398269653324,False,False,watermarked_training
PROTEINS,same_label,subtle,9,1642614917,0.1,5,8,13,False,779,166,168,77,702,50,0.7143,0.6964,0.0179,0.7690583217144012,0.9550489902496337,0.9550489902496337,0.21749629616737365,0.0,7.993300427194006,1.9561342640105786e-10,0.0,1.0,0.1859906685352325,0.1859906685352325,0.0,True,0.7690583217144012,0.9550489902496337,0.7690583217144012,0.0,0.21749629616737365,0.0,1.0,-7.993300427194006,1.9561342640105786e-10,0.1859906685352325,0.0,-0.1859906685352325,False,False,watermarked_training
PROTEINS,same_label,subtle,9,1642614917,0.1,10,8,18,False,779,166,168,77,702,50,0.7143,0.6905,0.0238,0.8027161455154419,0.9313403987884521,0.9313403987884521,0.17891350746154785,0.0,5.1963560515635745,3.931879413020444e-06,0.0,1.0,0.1286242532730102,0.1286242532730102,0.0,True,0.8027161455154419,0.9313403987884521,0.8027161455154419,0.0,0.17891350746154785,0.0,1.0,-5.1963560515635745,3.931879413020444e-06,0.1286242532730102,0.0,-0.1286242532730102,False,False,watermarked_training
PROTEINS,same_label,subtle,9,1642614917,0.1,20,8,28,False,779,166,168,77,702,50,0.7143,0.7083,0.006,0.866184550523758,0.9567864310741424,0.9567864310741424,0.12340080022811889,0.0,4.746956097465299,1.831687798360734e-05,0.0,1.0,0.09060188055038443,0.09060188055038443,0.0,True,0.866184550523758,0.9567864310741424,0.866184550523758,0.0,0.12340080022811889,0.0,1.0,-4.746956097465299,1.831687798360734e-05,0.09060188055038443,0.0,-0.09060188055038443,False,False,watermarked_training
PROTEINS,same_label,subtle,9,1642614917,0.2,1,8,9,False,779,166,168,155,624,50,0.7143,0.744,-0.0298,0.762241986989975,0.8834042036533356,0.8834042036533356,0.2151908040046692,0.0,3.8375569563747502,0.00035626584194948857,0.0,1.0,0.12116221666336058,0.12116221666336058,0.0,True,0.762241986989975,0.8834042036533356,0.762241986989975,0.0,0.2151908040046692,0.0,1.0,-3.8375569563747502,0.00035626584194948857,0.12116221666336058,0.0,-0.12116221666336058,False,False,watermarked_training
PROTEINS,same_label,subtle,9,1642614917,0.2,3,8,11,False,779,166,168,155,624,50,0.7143,0.7083,0.006,0.7757842850685119,0.920737236738205,0.920737236738205,0.229112788438797,0.0,4.430360375771823,5.281335942683784e-05,0.0,1.0,0.14495295166969302,0.14495295166969302,0.0,True,0.7757842850685119,0.920737236738205,0.7757842850685119,0.0,0.229112788438797,0.0,1.0,-4.430360375771823,5.281335942683784e-05,0.14495295166969302,0.0,-0.14495295166969302,False,False,watermarked_training
PROTEINS,same_label,subtle,9,1642614917,0.2,5,8,13,False,779,166,168,155,624,50,0.7143,0.7024,0.0119,0.7941884160041809,0.9564745438098907,0.9564745438098907,0.19453139424324037,0.0,6.610849772735051,2.6594623138995258e-08,0.0,1.0,0.16228612780570983,0.16228612780570983,0.0,True,0.7941884160041809,0.9564745438098907,0.7941884160041809,0.0,0.19453139424324037,0.0,1.0,-6.610849772735051,2.6594623138995258e-08,0.16228612780570983,0.0,-0.16228612780570983,False,False,watermarked_training
PROTEINS,same_label,subtle,9,1642614917,0.2,10,8,18,False,779,166,168,155,624,50,0.7143,0.7202,-0.006,0.8171184313297272,0.9673917245864868,0.9673917245864868,0.18973559021949768,0.0,5.814368496469675,4.51581624013228e-07,0.0,1.0,0.15027329325675964,0.15027329325675964,0.0,True,0.8171184313297272,0.9673917245864868,0.8171184313297272,0.0,0.18973559021949768,0.0,1.0,-5.814368496469675,4.51581624013228e-07,0.15027329325675964,0.0,-0.15027329325675964,False,False,watermarked_training
PROTEINS,same_label,subtle,9,1642614917,0.2,20,8,28,False,779,166,168,155,624,50,0.7143,0.744,-0.0298,0.8649849414825439,0.9773805034160614,0.9773805034160614,0.13864882349967955,0.0,5.278974487275255,2.9521922737124416e-06,0.0,1.0,0.11239556193351752,0.11239556193351752,0.0,True,0.8649849414825439,0.9773805034160614,0.8649849414825439,0.0,0.13864882349967955,0.0,1.0,-5.278974487275255,2.9521922737124416e-06,0.11239556193351752,0.0,-0.11239556193351752,False,False,watermarked_training
PROTEINS,same_label,subtle,9,1642614917,0.3,1,8,9,False,779,166,168,233,546,50,0.7143,0.7202,-0.006,0.6999850153923035,0.9403518068790436,0.9403518068790436,0.27766416907310487,0.0,8.77963099303079,1.2590004152175426e-11,0.0,1.0,0.24036679148674012,0.24036679148674012,0.0,True,0.6999850153923035,0.9403518068790436,0.6999850153923035,0.0,0.27766416907310487,0.0,1.0,-8.77963099303079,1.2590004152175426e-11,0.24036679148674012,0.0,-0.24036679148674012,False,False,watermarked_training
PROTEINS,same_label,subtle,9,1642614917,0.3,3,8,11,False,779,166,168,233,546,50,0.7143,0.6845,0.0298,0.7235208415985107,0.8716939198970795,0.8716939198970795,0.20652615427970886,0.0,5.188316174729488,4.0428517465095445e-06,0.0,1.0,0.14817307829856874,0.14817307829856874,0.0,True,0.7235208415985107,0.8716939198970795,0.7235208415985107,0.0,0.20652615427970886,0.0,1.0,-5.188316174729488,4.0428517465095445e-06,0.14817307829856874,0.0,-0.14817307829856874,False,False,watermarked_training
PROTEINS,same_label,subtle,9,1642614917,0.3,5,8,13,False,779,166,168,233,546,50,0.7143,0.7202,-0.006,0.7368412494659424,0.9723818624019622,0.9723818624019622,0.26223926186561586,0.0,9.972027618098823,2.2091598484856647e-13,0.0,1.0,0.2355406129360198,0.2355406129360198,0.0,True,0.7368412494659424,0.9723818624019622,0.7368412494659424,0.0,0.26223926186561586,0.0,1.0,-9.972027618098823,2.2091598484856647e-13,0.2355406129360198,0.0,-0.2355406129360198,False,False,watermarked_training
PROTEINS,same_label,subtle,9,1642614917,0.3,10,8,18,False,779,166,168,233,546,50,0.7143,0.7024,0.0119,0.7805014562606811,0.9706005573272705,0.9706005573272705,0.22831418514251708,0.0,7.641405000451181,6.778547538996235e-10,0.0,1.0,0.19009910106658934,0.19009910106658934,0.0,True,0.7805014562606811,0.9706005573272705,0.7805014562606811,0.0,0.22831418514251708,0.0,1.0,-7.641405000451181,6.778547538996235e-10,0.19009910106658934,0.0,-0.19009910106658934,False,False,watermarked_training
PROTEINS,same_label,subtle,9,1642614917,0.3,20,8,28,False,779,166,168,233,546,50,0.7143,0.7024,0.0119,0.8473209261894226,0.9855715501308441,0.9855715501308441,0.15221783757209778,0.0,7.150374806218886,3.881146600797222e-09,0.0,1.0,0.1382506239414215,0.1382506239414215,0.0,True,0.8473209261894226,0.9855715501308441,0.8473209261894226,0.0,0.15221783757209778,0.0,1.0,-7.150374806218886,3.881146600797222e-09,0.1382506239414215,0.0,-0.1382506239414215,False,False,watermarked_training
